Rk,Squad,Competition,# of Players,Weekly Wages,Annual Wages,% Estimated,Season
1,Barcelona,es La Liga,33,"€ 4,682,115 (£ 3,925,993, $4,771,599)","€ 243,470,000 (£ 204,151,634, $248,123,125)",100%,2017-2018
2,Real Madrid,es La Liga,33,"€ 3,949,904 (£ 3,312,027, $4,025,393)","€ 205,395,000 (£ 172,225,426, $209,320,446)",100%,2017-2018
3,Paris S-G,fr Ligue 1,35,"€ 3,895,462 (£ 3,266,377, $3,969,910)","€ 202,564,000 (£ 169,851,608, $206,435,344)",100%,2017-2018
4,Manchester Utd,eng Premier League,35,"€ 3,810,955 (£ 3,195,596, $3,883,356)","€ 198,169,670 (£ 166,171,000, $201,934,520)",100%,2017-2018
5,Arsenal,eng Premier League,45,"€ 3,629,433 (£ 3,043,385, $3,698,385)","€ 188,730,521 (£ 158,256,000, $192,316,043)",100%,2017-2018
6,Bayern Munich,de Bundesliga,38,"€ 3,491,942 (£ 2,928,023, $3,558,679)","€ 181,581,000 (£ 152,257,190, $185,051,324)",100%,2017-2018
7,Manchester City,eng Premier League,32,"€ 3,474,446 (£ 2,913,423, $3,540,453)","€ 180,671,167 (£ 151,498,000, $184,103,578)",100%,2017-2018
8,Chelsea,eng Premier League,46,"€ 2,790,189 (£ 2,339,654, $2,843,197)","€ 145,089,806 (£ 121,662,000, $147,846,240)",100%,2017-2018
9,Juventus,it Serie A,33,"€ 2,717,212 (£ 2,278,405, $2,769,142)","€ 141,295,000 (£ 118,477,041, $143,995,386)",100%,2017-2018
10,Liverpool,eng Premier League,34,"€ 2,194,158 (£ 1,839,865, $2,235,843)","€ 114,096,241 (£ 95,673,000, $116,263,857)",100%,2017-2018
11,Milan,it Serie A,42,"€ 2,035,731 (£ 1,706,977, $2,074,637)","€ 105,858,000 (£ 88,762,823, $107,881,122)",100%,2017-2018
12,Everton,eng Premier League,48,"€ 1,959,476 (£ 1,643,077, $1,996,702)","€ 101,892,731 (£ 85,440,000, $103,828,499)",100%,2017-2018
13,Atlético Madrid,es La Liga,37,"€ 1,895,154 (£ 1,589,102, $1,931,373)","€ 98,548,000 (£ 82,633,324, $100,431,417)",100%,2017-2018
14,Tottenham,eng Premier League,34,"€ 1,841,549 (£ 1,544,192, $1,876,535)","€ 95,760,561 (£ 80,298,000, $97,579,832)",100%,2017-2018
15,West Ham,eng Premier League,41,"€ 1,594,665 (£ 1,337,173, $1,624,961)","€ 82,922,601 (£ 69,533,000, $84,497,976)",100%,2017-2018
16,Dortmund,de Bundesliga,33,"€ 1,593,981 (£ 1,336,566, $1,624,444)","€ 82,887,000 (£ 69,501,446, $84,471,113)",100%,2017-2018
17,Southampton,eng Premier League,29,"€ 1,561,182 (£ 1,309,096, $1,590,841)","€ 81,181,461 (£ 68,073,000, $82,723,752)",100%,2017-2018
18,Crystal Palace,eng Premier League,41,"€ 1,560,448 (£ 1,308,481, $1,590,094)","€ 81,143,294 (£ 68,041,000, $82,684,869)",100%,2017-2018
19,Napoli,it Serie A,40,"€ 1,495,019 (£ 1,253,586, $1,523,592)","€ 77,741,000 (£ 65,186,483, $79,226,760)",100%,2017-2018
20,Inter,it Serie A,34,"€ 1,488,923 (£ 1,248,475, $1,517,379)","€ 77,424,000 (£ 64,920,676, $78,903,702)",100%,2017-2018
21,Leicester City,eng Premier League,34,"€ 1,470,226 (£ 1,232,827, $1,498,157)","€ 76,451,744 (£ 64,107,000, $77,904,185)",100%,2017-2018
22,Roma,it Serie A,47,"€ 1,413,231 (£ 1,185,006, $1,440,240)","€ 73,488,000 (£ 61,620,307, $74,892,476)",100%,2017-2018
23,West Brom,eng Premier League,33,"€ 1,354,341 (£ 1,135,654, $1,380,071)","€ 70,425,716 (£ 59,054,000, $71,763,674)",100%,2017-2018
24,Sevilla,es La Liga,33,"€ 1,318,865 (£ 1,105,880, $1,344,071)","€ 68,581,000 (£ 57,505,743, $69,891,700)",100%,2017-2018
25,Monaco,fr Ligue 1,38,"€ 1,314,423 (£ 1,102,155, $1,339,544)","€ 68,350,000 (£ 57,312,046, $69,656,287)",100%,2017-2018
26,Valencia,es La Liga,31,"€ 1,168,827 (£ 980,071, $1,191,165)","€ 60,779,000 (£ 50,963,701, $61,940,590)",100%,2017-2018
27,Stoke City,eng Premier League,35,"€ 1,124,956 (£ 943,308, $1,146,328)","€ 58,497,686 (£ 49,052,000, $59,609,032)",100%,2017-2018
28,Lazio,it Serie A,44,"€ 1,122,635 (£ 941,339, $1,144,090)","€ 58,377,000 (£ 48,949,604, $59,492,678)",100%,2017-2018
29,Wolfsburg,de Bundesliga,33,"€ 1,119,346 (£ 938,581, $1,140,739)","€ 58,206,000 (£ 48,806,218, $59,318,416)",100%,2017-2018
30,Swansea City,eng Premier League,37,"€ 1,095,623 (£ 918,712, $1,116,438)","€ 56,972,393 (£ 47,773,000, $58,054,764)",100%,2017-2018
31,Leverkusen,de Bundesliga,27,"€ 1,093,019 (£ 916,506, $1,113,909)","€ 56,837,000 (£ 47,658,301, $57,923,248)",100%,2017-2018
32,Watford,eng Premier League,37,"€ 1,065,878 (£ 893,769, $1,086,127)","€ 55,425,638 (£ 46,476,000, $56,478,625)",100%,2017-2018
33,Marseille,fr Ligue 1,29,"€ 1,005,423 (£ 843,056, $1,024,638)","€ 52,282,000 (£ 43,838,893, $53,281,198)",100%,2017-2018
34,Bournemouth,eng Premier League,37,"€ 987,558 (£ 828,096, $1,006,320)","€ 51,353,032 (£ 43,061,000, $52,328,645)",100%,2017-2018
35,Newcastle Utd,eng Premier League,37,"€ 968,248 (£ 811,904, $986,643)","€ 50,348,890 (£ 42,219,000, $51,305,427)",100%,2017-2018
36,Brighton,eng Premier League,43,"€ 915,271 (£ 767,481, $932,659)","€ 47,594,066 (£ 39,909,000, $48,498,265)",100%,2017-2018
37,Gladbach,de Bundesliga,35,"€ 859,173 (£ 720,424, $875,593)","€ 44,677,000 (£ 37,462,041, $45,530,856)",100%,2017-2018
38,RB Leipzig,de Bundesliga,28,"€ 815,481 (£ 683,787, $831,066)","€ 42,405,000 (£ 35,556,948, $43,215,431)",100%,2017-2018
39,Celta Vigo,es La Liga,66,"€ 809,442 (£ 678,724, $824,912)","€ 42,091,000 (£ 35,293,656, $42,895,429)",100%,2017-2018
40,Schalke 04,de Bundesliga,29,"€ 801,500 (£ 672,064, $816,818)","€ 41,678,000 (£ 34,947,350, $42,474,540)",100%,2017-2018
41,Real Sociedad,es La Liga,30,"€ 798,365 (£ 669,436, $813,623)","€ 41,515,000 (£ 34,810,672, $42,308,420)",100%,2017-2018
42,Athletic Club,es La Liga,33,"€ 760,712 (£ 637,863, $775,250)","€ 39,557,000 (£ 33,168,876, $40,313,004)",100%,2017-2018
43,Burnley,eng Premier League,30,"€ 746,660 (£ 626,096, $760,845)","€ 38,826,329 (£ 32,557,000, $39,563,962)",100%,2017-2018
44,Hoffenheim,de Bundesliga,36,"€ 746,250 (£ 625,737, $760,512)","€ 38,805,000 (£ 32,538,318, $39,546,630)",100%,2017-2018
45,Lyon,fr Ligue 1,34,"€ 712,942 (£ 597,808, $726,568)","€ 37,073,000 (£ 31,086,023, $37,781,525)",100%,2017-2018
46,Sampdoria,it Serie A,39,"€ 673,923 (£ 565,090, $686,803)","€ 35,044,000 (£ 29,384,691, $35,713,748)",100%,2017-2018
47,Hamburger SV,de Bundesliga,34,"€ 658,231 (£ 551,932, $670,811)","€ 34,228,000 (£ 28,700,464, $34,882,158)",100%,2017-2018
48,Villarreal,es La Liga,41,"€ 626,654 (£ 525,455, $638,630)","€ 32,586,000 (£ 27,323,636, $33,208,772)",100%,2017-2018
49,Fiorentina,it Serie A,41,"€ 607,923 (£ 509,749, $619,541)","€ 31,612,000 (£ 26,506,931, $32,216,154)",100%,2017-2018
50,Genoa,it Serie A,44,"€ 599,154 (£ 502,396, $610,605)","€ 31,156,000 (£ 26,124,570, $31,751,443)",100%,2017-2018
51,Espanyol,es La Liga,29,"€ 595,058 (£ 498,961, $606,430)","€ 30,943,000 (£ 25,945,961, $31,534,373)",100%,2017-2018
52,Sassuolo,it Serie A,39,"€ 591,462 (£ 495,946, $602,765)","€ 30,756,000 (£ 25,789,166, $31,343,797)",100%,2017-2018
53,Levante,es La Liga,41,"€ 588,731 (£ 493,656, $599,982)","€ 30,614,000 (£ 25,670,098, $31,199,086)",100%,2017-2018
54,Huddersfield,eng Premier League,36,"€ 587,269 (£ 492,442, $598,426)","€ 30,538,003 (£ 25,607,000, $31,118,172)",100%,2017-2018
55,Stuttgart,de Bundesliga,35,"€ 562,923 (£ 472,016, $573,682)","€ 29,272,000 (£ 24,544,814, $29,831,438)",100%,2017-2018
56,Köln,de Bundesliga,38,"€ 562,635 (£ 471,774, $573,387)","€ 29,257,000 (£ 24,532,242, $29,816,147)",100%,2017-2018
57,Torino,it Serie A,51,"€ 532,154 (£ 446,216, $542,324)","€ 27,672,000 (£ 23,203,209, $28,200,854)",100%,2017-2018
58,Werder Bremen,de Bundesliga,33,"€ 524,308 (£ 439,636, $534,328)","€ 27,264,000 (£ 22,861,089, $27,785,063)",100%,2017-2018
59,Lille,fr Ligue 1,32,"€ 520,846 (£ 436,734, $530,800)","€ 27,084,000 (£ 22,710,158, $27,601,617)",100%,2017-2018
60,Eint Frankfurt,de Bundesliga,36,"€ 495,462 (£ 415,449, $504,931)","€ 25,764,000 (£ 21,603,327, $26,256,394)",100%,2017-2018
61,Hertha BSC,de Bundesliga,32,"€ 490,519 (£ 411,304, $499,894)","€ 25,507,000 (£ 21,387,830, $25,994,483)",100%,2017-2018
62,Málaga,es La Liga,40,"€ 480,231 (£ 402,678, $489,409)","€ 24,972,000 (£ 20,939,231, $25,449,261)",100%,2017-2018
63,Betis,es La Liga,32,"€ 477,904 (£ 400,726, $487,037)","€ 24,851,000 (£ 20,837,775, $25,325,944)",100%,2017-2018
64,Bologna,it Serie A,41,"€ 453,904 (£ 380,602, $462,579)","€ 23,603,000 (£ 19,791,316, $24,054,088)",100%,2017-2018
65,Cagliari,it Serie A,41,"€ 448,250 (£ 375,861, $456,817)","€ 23,309,000 (£ 19,544,792, $23,754,471)",100%,2017-2018
66,Atalanta,it Serie A,37,"€ 437,731 (£ 367,041, $446,096)","€ 22,762,000 (£ 19,086,131, $23,197,016)",100%,2017-2018
67,Nice,fr Ligue 1,40,"€ 419,423 (£ 351,690, $427,439)","€ 21,810,000 (£ 18,287,868, $22,226,825)",100%,2017-2018
68,La Coruña,es La Liga,36,"€ 404,981 (£ 339,580, $412,721)","€ 21,059,000 (£ 17,658,147, $21,461,472)",100%,2017-2018
69,Saint-Étienne,fr Ligue 1,40,"€ 393,846 (£ 330,243, $401,373)","€ 20,480,000 (£ 17,172,650, $20,871,408)",100%,2017-2018
70,SPAL,it Serie A,42,"€ 379,481 (£ 318,198, $386,733)","€ 19,733,000 (£ 16,546,290, $20,110,131)",100%,2017-2018
71,Las Palmas,es La Liga,39,"€ 378,923 (£ 317,730, $386,165)","€ 19,704,000 (£ 16,521,970, $20,080,579)",100%,2017-2018
72,Bordeaux,fr Ligue 1,37,"€ 376,981 (£ 316,101, $384,185)","€ 19,603,000 (£ 16,437,274, $19,977,645)",100%,2017-2018
73,Toulouse,fr Ligue 1,28,"€ 360,442 (£ 302,234, $367,331)","€ 18,743,000 (£ 15,716,163, $19,101,212)",100%,2017-2018
74,Eibar,es La Liga,34,"€ 348,038 (£ 291,833, $354,690)","€ 18,098,000 (£ 15,175,325, $18,443,882)",100%,2017-2018
75,Freiburg,de Bundesliga,36,"€ 347,231 (£ 291,156, $353,867)","€ 18,056,000 (£ 15,140,104, $18,401,082)",100%,2017-2018
76,Hellas Verona,it Serie A,41,"€ 343,173 (£ 287,754, $349,732)","€ 17,845,000 (£ 14,963,185, $18,186,047)",100%,2017-2018
77,Mainz 05,de Bundesliga,33,"€ 342,673 (£ 287,334, $349,222)","€ 17,819,000 (£ 14,941,378, $18,159,552)",100%,2017-2018
78,Benevento,it Serie A,49,"€ 340,846 (£ 285,802, $347,360)","€ 17,724,000 (£ 14,861,727, $18,062,733)",100%,2017-2018
79,Udinese,it Serie A,46,"€ 332,615 (£ 278,901, $338,972)","€ 17,296,000 (£ 14,502,844, $17,626,553)",100%,2017-2018
80,Augsburg,de Bundesliga,33,"€ 318,519 (£ 267,081, $324,607)","€ 16,563,000 (£ 13,888,213, $16,879,548)",100%,2017-2018
81,Alavés,es La Liga,33,"€ 301,769 (£ 253,036, $307,537)","€ 15,692,000 (£ 13,157,875, $15,991,901)",100%,2017-2018
82,Nantes,fr Ligue 1,36,"€ 284,250 (£ 238,346, $289,683)","€ 14,781,000 (£ 12,393,992, $15,063,490)",100%,2017-2018
83,Rennes,fr Ligue 1,35,"€ 272,212 (£ 228,252, $277,414)","€ 14,155,000 (£ 11,869,086, $14,425,526)",100%,2017-2018
84,Getafe,es La Liga,36,"€ 270,423 (£ 226,752, $275,591)","€ 14,062,000 (£ 11,791,104, $14,330,747)",100%,2017-2018
85,Girona,es La Liga,32,"€ 260,654 (£ 218,560, $265,635)","€ 13,554,000 (£ 11,365,144, $13,813,041)",100%,2017-2018
86,Chievo,it Serie A,36,"€ 255,788 (£ 214,481, $260,677)","€ 13,301,000 (£ 11,153,003, $13,555,204)",100%,2017-2018
87,Metz,fr Ligue 1,45,"€ 253,885 (£ 212,884, $258,737)","€ 13,202,000 (£ 11,069,988, $13,454,314)",100%,2017-2018
88,Amiens,fr Ligue 1,36,"€ 237,115 (£ 198,823, $241,647)","€ 12,330,000 (£ 10,338,805, $12,565,645)",100%,2017-2018
89,Montpellier,fr Ligue 1,31,"€ 230,885 (£ 193,599, $235,297)","€ 12,006,000 (£ 10,067,131, $12,235,453)",100%,2017-2018
90,Dijon,fr Ligue 1,36,"€ 211,635 (£ 177,457, $215,679)","€ 11,005,000 (£ 9,227,786, $11,215,324)",100%,2017-2018
91,Strasbourg,fr Ligue 1,31,"€ 207,769 (£ 174,216, $211,740)","€ 10,804,000 (£ 9,059,242, $11,010,479)",100%,2017-2018
92,Caen,fr Ligue 1,33,"€ 201,135 (£ 168,653, $204,979)","€ 10,459,000 (£ 8,769,954, $10,658,893)",100%,2017-2018
93,Crotone,it Serie A,40,"€ 198,192 (£ 166,186, $201,980)","€ 10,306,000 (£ 8,641,672, $10,502,963)",100%,2017-2018
94,Angers,fr Ligue 1,33,"€ 194,808 (£ 163,348, $198,531)","€ 10,130,000 (£ 8,494,086, $10,323,602)",100%,2017-2018
95,Guingamp,fr Ligue 1,30,"€ 177,154 (£ 148,545, $180,540)","€ 9,212,000 (£ 7,724,338, $9,388,060)",100%,2017-2018
96,Troyes,fr Ligue 1,31,"€ 132,115 (£ 110,780, $134,640)","€ 6,870,000 (£ 5,760,548, $7,001,300)",100%,2017-2018
1,Barcelona,es La Liga,92,"€ 5,152,596 (£ 4,320,495, $5,251,071)","€ 267,935,000 (£ 224,665,737, $273,055,692)",100%,2018-2019
2,Juventus,it Serie A,109,"€ 4,563,596 (£ 3,826,614, $4,650,814)","€ 237,307,000 (£ 198,983,907, $241,842,338)",100%,2018-2019
3,Real Madrid,es La Liga,92,"€ 4,466,808 (£ 3,745,456, $4,552,176)","€ 232,274,000 (£ 194,763,689, $236,713,149)",100%,2018-2019
4,Atlético Madrid,es La Liga,88,"€ 3,896,462 (£ 3,267,216, $3,970,930)","€ 202,616,000 (£ 169,895,214, $206,488,336)",100%,2018-2019
5,Paris S-G,fr Ligue 1,94,"€ 3,863,346 (£ 3,239,448, $3,937,181)","€ 200,894,000 (£ 168,451,304, $204,733,422)",100%,2018-2019
6,Bayern Munich,de Bundesliga,78,"€ 3,730,731 (£ 3,128,249, $3,802,031)","€ 193,998,000 (£ 162,668,949, $197,705,635)",100%,2018-2019
7,Chelsea,eng Premier League,103,"€ 3,612,255 (£ 3,028,981, $3,680,882)","€ 187,837,283 (£ 157,507,000, $191,405,844)",100%,2018-2019
8,Manchester Utd,eng Premier League,86,"€ 3,470,478 (£ 2,910,096, $3,536,411)","€ 180,464,856 (£ 151,325,000, $183,893,347)",100%,2018-2019
9,Manchester City,eng Premier League,96,"€ 3,454,103 (£ 2,896,365, $3,519,725)","€ 179,613,362 (£ 150,611,000, $183,025,676)",100%,2018-2019
10,Arsenal,eng Premier League,91,"€ 3,104,338 (£ 2,603,077, $3,163,314)","€ 161,425,557 (£ 135,360,000, $164,492,342)",100%,2018-2019
11,Liverpool,eng Premier League,88,"€ 2,923,160 (£ 2,451,154, $2,978,694)","€ 152,004,295 (£ 127,460,000, $154,892,092)",100%,2018-2019
12,Milan,it Serie A,98,"€ 2,744,096 (£ 2,300,948, $2,796,540)","€ 142,693,000 (£ 119,649,279, $145,420,105)",100%,2018-2019
13,Inter,it Serie A,111,"€ 2,279,385 (£ 1,911,283, $2,322,947)","€ 118,528,000 (£ 99,386,726, $120,793,266)",100%,2018-2019
14,Tottenham,eng Premier League,83,"€ 2,091,713 (£ 1,753,962, $2,131,451)","€ 108,769,056 (£ 91,206,000, $110,835,465)",100%,2018-2019
15,Roma,it Serie A,105,"€ 2,020,481 (£ 1,694,190, $2,059,096)","€ 105,065,000 (£ 88,097,887, $107,072,966)",100%,2018-2019
16,Everton,eng Premier League,90,"€ 1,965,599 (£ 1,648,212, $2,002,942)","€ 102,211,141 (£ 85,707,000, $104,152,963)",100%,2018-2019
17,West Ham,eng Premier League,90,"€ 1,898,815 (£ 1,592,212, $1,934,889)","€ 98,738,397 (£ 82,795,000, $100,614,239)",100%,2018-2019
18,Dortmund,de Bundesliga,86,"€ 1,856,808 (£ 1,556,949, $1,892,294)","€ 96,554,000 (£ 80,961,334, $98,399,310)",100%,2018-2019
19,Leicester City,eng Premier League,89,"€ 1,832,422 (£ 1,536,538, $1,867,234)","€ 95,285,918 (£ 79,900,000, $97,096,177)",100%,2018-2019
20,Napoli,it Serie A,100,"€ 1,825,904 (£ 1,531,036, $1,860,800)","€ 94,947,000 (£ 79,613,859, $96,761,594)",100%,2018-2019
21,Crystal Palace,eng Premier League,86,"€ 1,713,188 (£ 1,436,558, $1,745,735)","€ 89,085,775 (£ 74,701,000, $90,778,244)",100%,2018-2019
22,Southampton,eng Premier League,86,"€ 1,663,043 (£ 1,394,510, $1,694,638)","€ 86,478,237 (£ 72,514,500, $88,121,158)",100%,2018-2019
23,Monaco,fr Ligue 1,118,"€ 1,579,635 (£ 1,324,537, $1,609,824)","€ 82,141,000 (£ 68,875,918, $83,710,853)",100%,2018-2019
24,Sevilla,es La Liga,86,"€ 1,487,212 (£ 1,247,039, $1,515,635)","€ 77,335,000 (£ 64,846,044, $78,813,005)",100%,2018-2019
25,Valencia,es La Liga,80,"€ 1,454,231 (£ 1,219,385, $1,482,024)","€ 75,620,000 (£ 63,408,003, $77,065,227)",100%,2018-2019
26,Marseille,fr Ligue 1,87,"€ 1,448,192 (£ 1,214,321, $1,475,870)","€ 75,306,000 (£ 63,144,716, $76,745,228)",100%,2018-2019
27,Schalke 04,de Bundesliga,93,"€ 1,345,654 (£ 1,128,342, $1,371,372)","€ 69,974,000 (£ 58,673,785, $71,311,324)",100%,2018-2019
28,Celta Vigo,es La Liga,126,"€ 1,340,096 (£ 1,123,682, $1,365,708)","€ 69,685,000 (£ 58,431,460, $71,016,799)",100%,2018-2019
29,Wolfsburg,de Bundesliga,98,"€ 1,261,494 (£ 1,057,773, $1,285,604)","€ 65,597,700 (£ 55,004,221, $66,851,386)",100%,2018-2019
30,Lazio,it Serie A,122,"€ 1,251,827 (£ 1,049,667, $1,275,751)","€ 65,095,000 (£ 54,582,708, $66,339,071)",100%,2018-2019
31,Bournemouth,eng Premier League,82,"€ 1,208,389 (£ 1,013,269, $1,231,346)","€ 62,836,237 (£ 52,690,000, $64,030,011)",100%,2018-2019
32,Leverkusen,de Bundesliga,82,"€ 1,194,356 (£ 1,001,477, $1,217,182)","€ 62,106,500 (£ 52,076,821, $63,293,461)",100%,2018-2019
33,Fulham,eng Premier League,82,"€ 1,167,773 (£ 979,212, $1,189,959)","€ 60,724,203 (£ 50,919,000, $61,877,851)",100%,2018-2019
34,Newcastle Utd,eng Premier League,88,"€ 1,143,142 (£ 958,558, $1,164,860)","€ 59,443,389 (£ 49,845,000, $60,572,706)",100%,2018-2019
35,Watford,eng Premier League,93,"€ 1,132,891 (£ 949,962, $1,154,414)","€ 58,910,310 (£ 49,398,000, $60,029,502)",100%,2018-2019
36,Athletic Club,es La Liga,86,"€ 1,089,365 (£ 913,442, $1,110,185)","€ 56,647,000 (£ 47,498,983, $57,729,620)",100%,2018-2019
37,RB Leipzig,de Bundesliga,85,"€ 1,052,471 (£ 882,506, $1,072,586)","€ 54,728,500 (£ 45,890,308, $55,774,453)",100%,2018-2019
38,Burnley,eng Premier League,83,"€ 1,015,125 (£ 851,212, $1,034,410)","€ 52,786,491 (£ 44,263,000, $53,789,342)",100%,2018-2019
39,Brighton,eng Premier League,93,"€ 982,054 (£ 823,481, $1,000,711)","€ 51,066,812 (£ 42,821,000, $52,036,991)",100%,2018-2019
40,Villarreal,es La Liga,88,"€ 945,865 (£ 793,116, $963,942)","€ 49,185,000 (£ 41,242,031, $50,125,007)",100%,2018-2019
41,Lyon,fr Ligue 1,90,"€ 925,365 (£ 775,927, $943,051)","€ 48,119,000 (£ 40,348,183, $49,038,638)",100%,2018-2019
42,Gladbach,de Bundesliga,92,"€ 872,260 (£ 731,397, $888,930)","€ 45,357,500 (£ 38,032,645, $46,224,358)",100%,2018-2019
43,Torino,it Serie A,102,"€ 859,154 (£ 720,408, $875,574)","€ 44,676,000 (£ 37,461,200, $45,529,833)",100%,2018-2019
44,Wolves,eng Premier League,85,"€ 852,844 (£ 715,135, $869,047)","€ 44,347,902 (£ 37,187,000, $45,190,433)",100%,2018-2019
45,Fiorentina,it Serie A,102,"€ 825,212 (£ 691,947, $840,983)","€ 42,911,000 (£ 35,981,239, $43,731,097)",100%,2018-2019
46,Huddersfield,eng Premier League,86,"€ 805,325 (£ 675,288, $820,625)","€ 41,876,908 (£ 35,115,000, $42,672,499)",100%,2018-2019
47,Bologna,it Serie A,98,"€ 779,942 (£ 653,988, $794,848)","€ 40,557,000 (£ 34,007,385, $41,332,111)",100%,2018-2019
48,Cardiff City,eng Premier League,92,"€ 756,591 (£ 634,423, $770,964)","€ 39,342,710 (£ 32,990,000, $40,090,150)",100%,2018-2019
49,Sampdoria,it Serie A,112,"€ 751,519 (£ 630,155, $765,882)","€ 39,079,000 (£ 32,768,070, $39,825,859)",100%,2018-2019
50,Atalanta,it Serie A,131,"€ 747,808 (£ 627,043, $762,099)","€ 38,886,000 (£ 32,606,242, $39,629,172)",100%,2018-2019
51,Genoa,it Serie A,117,"€ 734,038 (£ 615,497, $748,067)","€ 38,170,000 (£ 32,005,866, $38,899,485)",100%,2018-2019
52,Real Sociedad,es La Liga,81,"€ 732,712 (£ 614,385, $746,715)","€ 38,101,000 (£ 31,948,008, $38,829,174)",100%,2018-2019
53,Eint Frankfurt,de Bundesliga,116,"€ 732,365 (£ 614,095, $746,362)","€ 38,083,000 (£ 31,932,921, $38,810,830)",100%,2018-2019
54,Hoffenheim,de Bundesliga,92,"€ 728,731 (£ 611,047, $742,658)","€ 37,894,000 (£ 31,774,438, $38,618,219)",100%,2018-2019
55,Betis,es La Liga,82,"€ 711,269 (£ 596,405, $724,863)","€ 36,986,000 (£ 31,013,070, $37,692,866)",100%,2018-2019
56,Stuttgart,de Bundesliga,88,"€ 699,190 (£ 586,277, $712,553)","€ 36,357,900 (£ 30,486,406, $37,052,763)",100%,2018-2019
57,Sassuolo,it Serie A,115,"€ 698,981 (£ 586,101, $712,339)","€ 36,347,000 (£ 30,477,269, $37,041,649)",100%,2018-2019
58,Levante,es La Liga,87,"€ 696,885 (£ 584,344, $710,203)","€ 36,238,000 (£ 30,385,866, $36,930,572)",100%,2018-2019
59,Udinese,it Serie A,113,"€ 677,981 (£ 568,493, $690,938)","€ 35,255,000 (£ 29,561,612, $35,928,779)",100%,2018-2019
60,Werder Bremen,de Bundesliga,94,"€ 676,038 (£ 566,864, $688,959)","€ 35,154,000 (£ 29,476,927, $35,825,854)",100%,2018-2019
61,Cagliari,it Serie A,92,"€ 616,788 (£ 517,182, $628,576)","€ 32,073,000 (£ 26,893,482, $32,685,967)",100%,2018-2019
62,Espanyol,es La Liga,81,"€ 612,442 (£ 513,538, $624,147)","€ 31,847,000 (£ 26,703,976, $32,455,650)",100%,2018-2019
63,Hertha BSC,de Bundesliga,101,"€ 601,702 (£ 504,532, $613,202)","€ 31,288,500 (£ 26,235,671, $31,886,479)",100%,2018-2019
64,Nice,fr Ligue 1,98,"€ 578,558 (£ 485,125, $589,615)","€ 30,085,000 (£ 25,226,523, $30,659,976)",100%,2018-2019
65,Lille,fr Ligue 1,78,"€ 537,673 (£ 450,843, $547,949)","€ 27,959,000 (£ 23,443,859, $28,493,341)",100%,2018-2019
66,Rennes,fr Ligue 1,96,"€ 513,058 (£ 430,203, $522,863)","€ 26,679,000 (£ 22,370,570, $27,188,881)",100%,2018-2019
67,Parma,it Serie A,127,"€ 478,923 (£ 401,581, $488,076)","€ 24,904,000 (£ 20,882,217, $25,379,957)",100%,2018-2019
68,SPAL,it Serie A,104,"€ 470,596 (£ 394,599, $479,590)","€ 24,471,000 (£ 20,519,142, $24,938,687)",100%,2018-2019
69,Chievo,it Serie A,126,"€ 464,827 (£ 389,761, $473,710)","€ 24,171,000 (£ 20,267,585, $24,632,944)",100%,2018-2019
70,Augsburg,de Bundesliga,101,"€ 459,529 (£ 385,319, $468,311)","€ 23,895,500 (£ 20,036,577, $24,352,183)",100%,2018-2019
71,Saint-Étienne,fr Ligue 1,92,"€ 444,096 (£ 372,378, $452,584)","€ 23,093,000 (£ 19,363,673, $23,534,345)",100%,2018-2019
72,Bordeaux,fr Ligue 1,91,"€ 439,538 (£ 368,557, $447,939)","€ 22,856,000 (£ 19,164,951, $23,292,819)",100%,2018-2019
73,Nantes,fr Ligue 1,97,"€ 438,635 (£ 367,799, $447,018)","€ 22,809,000 (£ 19,125,542, $23,244,917)",100%,2018-2019
74,Alavés,es La Liga,79,"€ 434,904 (£ 364,671, $443,216)","€ 22,615,000 (£ 18,962,866, $23,047,212)",100%,2018-2019
75,Frosinone,it Serie A,95,"€ 432,712 (£ 362,832, $440,981)","€ 22,501,000 (£ 18,867,279, $22,931,028)",100%,2018-2019
76,Mainz 05,de Bundesliga,96,"€ 412,394 (£ 345,796, $420,276)","€ 21,444,500 (£ 17,981,398, $21,854,342)",100%,2018-2019
77,Rayo Vallecano,es La Liga,85,"€ 399,712 (£ 335,161, $407,351)","€ 20,785,000 (£ 17,428,396, $21,182,237)",100%,2018-2019
78,Eibar,es La Liga,83,"€ 386,212 (£ 323,842, $393,593)","€ 20,083,000 (£ 16,839,763, $20,466,820)",100%,2018-2019
79,Empoli,it Serie A,109,"€ 378,000 (£ 316,956, $385,224)","€ 19,656,000 (£ 16,481,718, $20,031,658)",100%,2018-2019
80,Getafe,es La Liga,78,"€ 368,750 (£ 309,200, $375,797)","€ 19,175,000 (£ 16,078,399, $19,541,468)",100%,2018-2019
81,Girona,es La Liga,84,"€ 357,385 (£ 299,670, $364,215)","€ 18,584,000 (£ 15,582,841, $18,939,174)",100%,2018-2019
82,Toulouse,fr Ligue 1,97,"€ 354,346 (£ 297,122, $361,118)","€ 18,426,000 (£ 15,450,357, $18,778,150)",100%,2018-2019
83,Freiburg,de Bundesliga,89,"€ 327,779 (£ 274,845, $334,043)","€ 17,044,500 (£ 14,291,956, $17,370,250)",100%,2018-2019
84,Valladolid,es La Liga,94,"€ 316,346 (£ 265,259, $322,392)","€ 16,450,000 (£ 13,793,462, $16,764,389)",100%,2018-2019
85,Guingamp,fr Ligue 1,87,"€ 316,096 (£ 265,049, $322,137)","€ 16,437,000 (£ 13,782,565, $16,751,140)",100%,2018-2019
86,Angers,fr Ligue 1,91,"€ 299,846 (£ 251,424, $305,577)","€ 15,592,000 (£ 13,074,026, $15,889,986)",100%,2018-2019
87,Huesca,es La Liga,88,"€ 296,865 (£ 248,924, $302,539)","€ 15,437,000 (£ 12,944,051, $15,732,028)",100%,2018-2019
88,Düsseldorf,de Bundesliga,96,"€ 291,394 (£ 244,337, $296,963)","€ 15,152,500 (£ 12,705,498, $15,442,091)",100%,2018-2019
89,Strasbourg,fr Ligue 1,88,"€ 263,135 (£ 220,641, $268,164)","€ 13,683,000 (£ 11,473,310, $13,944,506)",100%,2018-2019
90,Montpellier,fr Ligue 1,81,"€ 254,442 (£ 213,352, $259,305)","€ 13,231,000 (£ 11,094,305, $13,483,867)",100%,2018-2019
91,Reims,fr Ligue 1,92,"€ 253,577 (£ 212,626, $258,423)","€ 13,186,000 (£ 11,056,572, $13,438,006)",100%,2018-2019
92,Caen,fr Ligue 1,91,"€ 238,923 (£ 200,339, $243,489)","€ 12,424,000 (£ 10,417,631, $12,661,444)",100%,2018-2019
93,Dijon,fr Ligue 1,84,"€ 237,885 (£ 199,468, $242,431)","€ 12,370,000 (£ 10,372,351, $12,606,411)",100%,2018-2019
94,Amiens,fr Ligue 1,87,"€ 217,981 (£ 182,779, $222,147)","€ 11,335,000 (£ 9,504,493, $11,551,631)",100%,2018-2019
95,Nürnberg,de Bundesliga,85,"€ 210,904 (£ 176,845, $214,935)","€ 10,967,000 (£ 9,195,924, $11,176,598)",100%,2018-2019
96,Nîmes,fr Ligue 1,84,"€ 171,269 (£ 143,611, $174,542)","€ 8,906,000 (£ 7,467,755, $9,076,207)",100%,2018-2019
1,Real Madrid,es La Liga,80,"€ 6,850,000 (£ 5,743,782, $6,980,915)","€ 356,200,000 (£ 298,676,682, $363,007,586)",46%,2019-2020
2,Barcelona,es La Liga,69,"€ 6,631,731 (£ 5,560,762, $6,758,474)","€ 344,850,000 (£ 289,159,607, $351,440,667)",41%,2019-2020
3,Juventus,it Serie A,77,"€ 4,914,231 (£ 4,120,624, $5,008,150)","€ 255,540,000 (£ 214,272,431, $260,423,805)",0%,2019-2020
4,Paris S-G,fr Ligue 1,85,"€ 4,640,192 (£ 3,890,840, $4,728,874)","€ 241,290,000 (£ 202,323,683, $245,901,458)",57%,2019-2020
5,Bayern Munich,de Bundesliga,76,"€ 4,117,692 (£ 3,452,719, $4,196,388)","€ 214,120,000 (£ 179,541,413, $218,212,198)",26%,2019-2020
6,Manchester Utd,eng Premier League,78,"€ 3,794,190 (£ 3,181,538, $3,866,273)","€ 197,297,905 (£ 165,440,000, $201,046,193)",33%,2019-2020
7,Manchester City,eng Premier League,71,"€ 3,416,927 (£ 2,865,192, $3,481,842)","€ 177,680,216 (£ 148,990,000, $181,055,805)",31%,2019-2020
8,Atlético Madrid,es La Liga,68,"€ 3,182,692 (£ 2,668,714, $3,243,519)","€ 165,500,000 (£ 138,773,134, $168,662,987)",56%,2019-2020
9,Chelsea,eng Premier League,79,"€ 2,744,046 (£ 2,300,962, $2,796,177)","€ 142,690,368 (£ 119,650,000, $145,401,216)",35%,2019-2020
10,Arsenal,eng Premier League,78,"€ 2,718,589 (£ 2,279,615, $2,770,237)","€ 141,366,618 (£ 118,540,000, $144,052,322)",32%,2019-2020
11,Liverpool,eng Premier League,70,"€ 2,634,421 (£ 2,209,038, $2,684,470)","€ 136,989,906 (£ 114,870,000, $139,592,457)",31%,2019-2020
12,Tottenham,eng Premier League,76,"€ 2,467,233 (£ 2,068,846, $2,514,106)","€ 128,296,109 (£ 107,580,000, $130,733,496)",34%,2019-2020
13,Inter,it Serie A,83,"€ 2,242,692 (£ 1,880,516, $2,285,554)","€ 116,620,000 (£ 97,786,851, $118,848,807)",0%,2019-2020
14,Roma,it Serie A,83,"€ 2,228,462 (£ 1,868,584, $2,271,051)","€ 115,880,000 (£ 97,166,353, $118,094,664)",0%,2019-2020
15,Dortmund,de Bundesliga,83,"€ 2,054,231 (£ 1,722,490, $2,093,491)","€ 106,820,000 (£ 89,569,463, $108,861,513)",42%,2019-2020
16,Milan,it Serie A,86,"€ 2,022,885 (£ 1,696,206, $2,061,545)","€ 105,190,000 (£ 88,202,695, $107,200,360)",0%,2019-2020
17,Everton,eng Premier League,76,"€ 2,016,581 (£ 1,690,962, $2,054,892)","€ 104,862,213 (£ 87,930,000, $106,854,401)",37%,2019-2020
18,Napoli,it Serie A,82,"€ 1,941,923 (£ 1,628,319, $1,979,037)","€ 100,980,000 (£ 84,672,574, $102,909,901)",0%,2019-2020
19,West Ham,eng Premier League,74,"€ 1,708,716 (£ 1,432,808, $1,741,178)","€ 88,853,227 (£ 74,506,000, $90,541,270)",32%,2019-2020
20,Crystal Palace,eng Premier League,69,"€ 1,703,762 (£ 1,428,654, $1,736,131)","€ 88,595,632 (£ 74,290,000, $90,278,786)",39%,2019-2020
21,Leicester City,eng Premier League,80,"€ 1,686,332 (£ 1,414,038, $1,718,370)","€ 87,689,280 (£ 73,530,000, $89,355,214)",36%,2019-2020
22,Newcastle Utd,eng Premier League,88,"€ 1,543,683 (£ 1,294,423, $1,573,010)","€ 80,271,532 (£ 67,310,000, $81,796,543)",35%,2019-2020
23,Monaco,fr Ligue 1,93,"€ 1,524,615 (£ 1,278,403, $1,553,753)","€ 79,280,000 (£ 66,476,944, $80,795,174)",88%,2019-2020
24,Valencia,es La Liga,74,"€ 1,448,846 (£ 1,214,870, $1,476,536)","€ 75,340,000 (£ 63,173,220, $76,779,876)",73%,2019-2020
25,RB Leipzig,de Bundesliga,102,"€ 1,360,385 (£ 1,140,694, $1,386,384)","€ 70,740,000 (£ 59,316,081, $72,091,964)",50%,2019-2020
26,Watford,eng Premier League,91,"€ 1,322,600 (£ 1,109,038, $1,347,727)","€ 68,775,206 (£ 57,670,000, $70,081,807)",35%,2019-2020
27,Wolfsburg,de Bundesliga,82,"€ 1,285,962 (£ 1,078,290, $1,310,538)","€ 66,870,000 (£ 56,071,056, $68,147,999)",100%,2019-2020
28,Sevilla,es La Liga,74,"€ 1,259,808 (£ 1,056,359, $1,283,885)","€ 65,510,000 (£ 54,930,679, $66,762,006)",76%,2019-2020
29,Wolves,eng Premier League,77,"€ 1,241,414 (£ 1,040,962, $1,264,999)","€ 64,553,524 (£ 54,130,000, $65,779,923)",40%,2019-2020
30,Lazio,it Serie A,95,"€ 1,232,885 (£ 1,033,784, $1,256,447)","€ 64,110,000 (£ 53,756,771, $65,335,254)",0%,2019-2020
31,Southampton,eng Premier League,64,"€ 1,227,883 (£ 1,029,615, $1,251,210)","€ 63,849,914 (£ 53,540,000, $65,062,944)",34%,2019-2020
32,Lyon,fr Ligue 1,84,"€ 1,210,385 (£ 1,014,918, $1,233,517)","€ 62,940,000 (£ 52,775,716, $64,142,890)",93%,2019-2020
33,Aston Villa,eng Premier League,82,"€ 1,173,071 (£ 983,654, $1,195,357)","€ 60,999,684 (£ 51,150,000, $62,158,568)",34%,2019-2020
34,Villarreal,es La Liga,78,"€ 1,142,115 (£ 957,673, $1,163,943)","€ 59,390,000 (£ 49,799,012, $60,525,042)",86%,2019-2020
35,Brighton,eng Premier League,84,"€ 1,117,341 (£ 936,923, $1,138,569)","€ 58,101,751 (£ 48,720,000, $59,205,581)",36%,2019-2020
36,Gladbach,de Bundesliga,84,"€ 1,039,423 (£ 871,565, $1,059,288)","€ 54,050,000 (£ 45,321,378, $55,082,988)",75%,2019-2020
37,Burnley,eng Premier League,73,"€ 1,019,872 (£ 855,192, $1,039,248)","€ 53,033,354 (£ 44,470,000, $54,040,892)",33%,2019-2020
38,Bournemouth,eng Premier League,84,"€ 971,252 (£ 814,423, $989,704)","€ 50,505,114 (£ 42,350,000, $51,464,621)",32%,2019-2020
39,Hertha BSC,de Bundesliga,97,"€ 970,577 (£ 813,837, $989,126)","€ 50,470,000 (£ 42,319,518, $51,434,570)",99%,2019-2020
40,Marseille,fr Ligue 1,78,"€ 949,038 (£ 795,777, $967,176)","€ 49,350,000 (£ 41,380,386, $50,293,161)",90%,2019-2020
41,Schalke 04,de Bundesliga,80,"€ 935,192 (£ 784,167, $953,065)","€ 48,630,000 (£ 40,776,662, $49,559,403)",100%,2019-2020
42,Athletic Club,es La Liga,76,"€ 929,423 (£ 779,329, $947,186)","€ 48,330,000 (£ 40,525,107, $49,253,671)",100%,2019-2020
43,Leverkusen,de Bundesliga,74,"€ 919,615 (£ 771,105, $937,191)","€ 47,820,000 (£ 40,097,475, $48,733,923)",46%,2019-2020
44,Genoa,it Serie A,89,"€ 919,423 (£ 770,944, $936,995)","€ 47,810,000 (£ 40,089,088, $48,723,731)",0%,2019-2020
45,Fiorentina,it Serie A,87,"€ 918,654 (£ 770,299, $936,211)","€ 47,770,000 (£ 40,055,547, $48,682,965)",0%,2019-2020
46,Hoffenheim,de Bundesliga,86,"€ 916,346 (£ 768,364, $933,859)","€ 47,650,000 (£ 39,954,925, $48,560,670)",99%,2019-2020
47,Torino,it Serie A,78,"€ 890,000 (£ 746,272, $907,009)","€ 46,280,000 (£ 38,806,165, $47,164,491)",0%,2019-2020
48,Eint Frankfurt,de Bundesliga,94,"€ 828,269 (£ 694,511, $844,099)","€ 43,070,000 (£ 36,114,558, $43,893,140)",100%,2019-2020
49,Cagliari,it Serie A,81,"€ 824,038 (£ 690,963, $839,787)","€ 42,850,000 (£ 35,930,081, $43,668,940)",0%,2019-2020
50,Werder Bremen,de Bundesliga,88,"€ 818,077 (£ 685,964, $833,712)","€ 42,540,000 (£ 35,670,148, $43,353,010)",100%,2019-2020
51,Real Sociedad,es La Liga,73,"€ 751,731 (£ 630,333, $766,098)","€ 39,090,000 (£ 32,777,291, $39,837,075)",100%,2019-2020
52,Köln,de Bundesliga,87,"€ 748,654 (£ 627,753, $762,962)","€ 38,930,000 (£ 32,643,134, $39,674,021)",100%,2019-2020
53,Celta Vigo,es La Liga,75,"€ 721,731 (£ 605,177, $735,524)","€ 37,530,000 (£ 31,469,218, $38,247,261)",96%,2019-2020
54,Sampdoria,it Serie A,85,"€ 714,808 (£ 599,372, $728,469)","€ 37,170,000 (£ 31,167,358, $37,880,380)",0%,2019-2020
55,Bologna,it Serie A,73,"€ 709,231 (£ 594,696, $722,785)","€ 36,880,000 (£ 30,924,189, $37,584,840)",0%,2019-2020
56,Atalanta,it Serie A,70,"€ 708,077 (£ 593,728, $721,610)","€ 36,820,000 (£ 30,873,879, $37,523,695)",0%,2019-2020
57,Betis,es La Liga,73,"€ 696,538 (£ 584,053, $709,850)","€ 36,220,000 (£ 30,370,776, $36,912,224)",100%,2019-2020
58,Rennes,fr Ligue 1,84,"€ 679,423 (£ 569,702, $692,408)","€ 35,330,000 (£ 29,624,500, $36,005,216)",98%,2019-2020
59,Leganés,es La Liga,77,"€ 679,231 (£ 569,541, $692,212)","€ 35,320,000 (£ 29,616,119, $35,995,024)",99%,2019-2020
60,Espanyol,es La Liga,81,"€ 644,615 (£ 540,515, $656,935)","€ 33,520,000 (£ 28,106,802, $34,160,623)",100%,2019-2020
61,Lecce,it Serie A,96,"€ 621,538 (£ 521,165, $633,417)","€ 32,320,000 (£ 27,100,595, $32,937,690)",0%,2019-2020
62,Lille,fr Ligue 1,70,"€ 601,923 (£ 504,718, $613,427)","€ 31,300,000 (£ 26,245,312, $31,898,198)",100%,2019-2020
63,Norwich City,eng Premier League,71,"€ 600,640 (£ 503,654, $612,051)","€ 31,233,268 (£ 26,190,000, $31,826,646)",41%,2019-2020
64,SPAL,it Serie A,92,"€ 595,000 (£ 498,912, $606,372)","€ 30,940,000 (£ 25,943,445, $31,531,319)",0%,2019-2020
65,Sassuolo,it Serie A,84,"€ 593,077 (£ 497,300, $604,412)","€ 30,840,000 (£ 25,859,595, $31,429,407)",0%,2019-2020
66,Bordeaux,fr Ligue 1,75,"€ 562,885 (£ 471,983, $573,642)","€ 29,270,000 (£ 24,543,139, $29,829,400)",100%,2019-2020
67,Sheffield Utd,eng Premier League,83,"€ 554,543 (£ 465,000, $565,078)","€ 28,836,215 (£ 24,180,000, $29,384,049)",54%,2019-2020
68,Parma,it Serie A,80,"€ 552,692 (£ 463,437, $563,255)","€ 28,740,000 (£ 24,098,729, $29,289,270)",0%,2019-2020
69,Augsburg,de Bundesliga,102,"€ 536,154 (£ 449,570, $546,401)","€ 27,880,000 (£ 23,377,615, $28,412,836)",97%,2019-2020
70,Hellas Verona,it Serie A,100,"€ 525,962 (£ 441,023, $536,014)","€ 27,350,000 (£ 22,933,204, $27,872,708)",0%,2019-2020
71,Getafe,es La Liga,83,"€ 508,846 (£ 426,672, $518,571)","€ 26,460,000 (£ 22,186,931, $26,965,696)",100%,2019-2020
72,Saint-Étienne,fr Ligue 1,90,"€ 508,846 (£ 426,672, $518,571)","€ 26,460,000 (£ 22,186,931, $26,965,697)",97%,2019-2020
73,Mainz 05,de Bundesliga,98,"€ 504,808 (£ 423,286, $514,455)","€ 26,250,000 (£ 22,010,847, $26,751,683)",97%,2019-2020
74,Nice,fr Ligue 1,81,"€ 473,654 (£ 397,163, $482,706)","€ 24,630,000 (£ 20,652,463, $25,100,724)",100%,2019-2020
75,Alavés,es La Liga,82,"€ 468,558 (£ 392,890, $477,513)","€ 24,365,000 (£ 20,430,254, $24,830,655)",100%,2019-2020
76,Düsseldorf,de Bundesliga,102,"€ 422,115 (£ 353,947, $430,183)","€ 21,950,000 (£ 18,405,257, $22,369,505)",100%,2019-2020
77,Granada,es La Liga,72,"€ 421,731 (£ 353,625, $429,791)","€ 21,930,000 (£ 18,388,487, $22,349,118)",100%,2019-2020
78,Union Berlin,de Bundesliga,96,"€ 411,538 (£ 345,079, $419,404)","€ 21,400,000 (£ 17,944,082, $21,808,992)",100%,2019-2020
79,Udinese,it Serie A,75,"€ 395,962 (£ 332,017, $403,529)","€ 20,590,000 (£ 17,264,887, $20,983,512)",4%,2019-2020
80,Toulouse,fr Ligue 1,93,"€ 373,077 (£ 312,828, $380,207)","€ 19,400,000 (£ 16,267,060, $19,770,767)",100%,2019-2020
81,Nantes,fr Ligue 1,89,"€ 364,615 (£ 305,733, $371,584)","€ 18,960,000 (£ 15,898,119, $19,322,358)",66%,2019-2020
82,Levante,es La Liga,71,"€ 360,577 (£ 302,347, $367,468)","€ 18,750,000 (£ 15,722,030, $19,108,346)",100%,2019-2020
83,Eibar,es La Liga,76,"€ 355,385 (£ 297,993, $362,177)","€ 18,480,000 (£ 15,495,639, $18,833,186)",100%,2019-2020
84,Montpellier,fr Ligue 1,83,"€ 330,962 (£ 277,514, $337,287)","€ 17,210,000 (£ 14,430,727, $17,538,909)",96%,2019-2020
85,Freiburg,de Bundesliga,84,"€ 319,231 (£ 267,678, $325,332)","€ 16,600,000 (£ 13,919,240, $16,917,253)",100%,2019-2020
86,Brescia,it Serie A,81,"€ 311,346 (£ 261,066, $317,296)","€ 16,190,000 (£ 13,575,453, $16,499,416)",0%,2019-2020
87,Valladolid,es La Liga,84,"€ 290,192 (£ 243,329, $295,738)","€ 15,090,000 (£ 12,653,093, $15,378,396)",100%,2019-2020
88,Osasuna,es La Liga,79,"€ 272,692 (£ 228,655, $277,904)","€ 14,180,000 (£ 11,890,050, $14,451,004)",100%,2019-2020
89,Amiens,fr Ligue 1,102,"€ 266,538 (£ 223,495, $271,632)","€ 13,860,000 (£ 11,621,725, $14,124,885)",100%,2019-2020
90,Angers,fr Ligue 1,78,"€ 251,346 (£ 210,756, $256,150)","€ 13,070,000 (£ 10,959,305, $13,319,789)",100%,2019-2020
91,Strasbourg,fr Ligue 1,77,"€ 250,577 (£ 210,111, $255,366)","€ 13,030,000 (£ 10,925,763, $13,279,026)",100%,2019-2020
92,Mallorca,es La Liga,82,"€ 240,769 (£ 201,887, $245,371)","€ 12,520,000 (£ 10,498,125, $12,759,279)",100%,2019-2020
93,Reims,fr Ligue 1,84,"€ 235,385 (£ 197,372, $239,883)","€ 12,240,000 (£ 10,263,342, $12,473,921)",96%,2019-2020
94,Metz,fr Ligue 1,81,"€ 211,923 (£ 177,699, $215,973)","€ 11,020,000 (£ 9,240,362, $11,230,609)",100%,2019-2020
95,Dijon,fr Ligue 1,75,"€ 200,769 (£ 168,347, $204,606)","€ 10,440,000 (£ 8,754,028, $10,639,525)",100%,2019-2020
96,Nîmes,fr Ligue 1,74,"€ 154,038 (£ 129,163, $156,982)","€ 8,010,000 (£ 6,716,451, $8,163,087)",100%,2019-2020
97,Brest,fr Ligue 1,81,"€ 148,846 (£ 124,809, $151,691)","€ 7,740,000 (£ 6,490,055, $7,887,921)",100%,2019-2020
98,Paderborn 07,de Bundesliga,90,"€ 134,808 (£ 113,037, $137,384)","€ 7,010,000 (£ 5,877,944, $7,143,974)",100%,2019-2020
1,Barcelona,es La Liga,83,"€ 6,766,923 (£ 5,674,122, $6,896,250)","€ 351,880,000 (£ 295,054,323, $358,605,024)",22%,2020-2021
2,Real Madrid,es La Liga,70,"€ 6,044,038 (£ 5,067,977, $6,159,550)","€ 314,290,000 (£ 263,534,797, $320,296,616)",0%,2020-2021
3,Paris S-G,fr Ligue 1,96,"€ 4,664,231 (£ 3,910,997, $4,753,372)","€ 242,540,000 (£ 203,371,818, $247,175,346)",44%,2020-2021
4,Manchester Utd,eng Premier League,86,"€ 4,435,653 (£ 3,719,423, $4,519,922)","€ 230,653,939 (£ 193,410,000, $235,035,931)",3%,2020-2021
5,Bayern Munich,de Bundesliga,83,"€ 4,318,654 (£ 3,621,227, $4,401,191)","€ 224,570,000 (£ 188,303,826, $228,861,912)",12%,2020-2021
6,Juventus,it Serie A,72,"€ 4,156,346 (£ 3,485,131, $4,235,781)","€ 216,130,000 (£ 181,226,818, $220,260,613)",6%,2020-2021
7,Chelsea,eng Premier League,82,"€ 3,389,911 (£ 2,842,538, $3,454,313)","€ 176,275,358 (£ 147,811,988, $179,624,258)",2%,2020-2021
8,Arsenal,eng Premier League,87,"€ 3,381,609 (£ 2,835,577, $3,445,853)","€ 175,843,663 (£ 147,450,000, $179,184,367)",1%,2020-2021
9,Atlético Madrid,es La Liga,68,"€ 3,276,731 (£ 2,747,566, $3,339,355)","€ 170,390,000 (£ 142,873,440, $173,646,443)",37%,2020-2021
10,Manchester City,eng Premier League,76,"€ 3,157,499 (£ 2,647,654, $3,217,485)","€ 164,189,924 (£ 137,678,000, $167,309,223)",1%,2020-2021
11,Tottenham,eng Premier League,82,"€ 3,084,064 (£ 2,586,077, $3,142,655)","€ 160,371,329 (£ 134,476,000, $163,418,084)",4%,2020-2021
12,Liverpool,eng Premier League,84,"€ 3,002,511 (£ 2,517,692, $3,059,553)","€ 156,130,569 (£ 130,920,000, $159,096,757)",5%,2020-2021
13,Inter,it Serie A,79,"€ 2,670,769 (£ 2,239,462, $2,721,812)","€ 138,880,000 (£ 116,452,045, $141,534,233)",6%,2020-2021
14,Roma,it Serie A,85,"€ 2,176,346 (£ 1,824,885, $2,217,940)","€ 113,170,000 (£ 94,893,995, $115,332,872)",2%,2020-2021
15,Everton,eng Premier League,87,"€ 2,111,596 (£ 1,770,635, $2,151,713)","€ 109,803,009 (£ 92,073,000, $111,889,062)",1%,2020-2021
16,Napoli,it Serie A,74,"€ 2,065,769 (£ 1,732,165, $2,105,250)","€ 107,420,000 (£ 90,072,568, $109,472,983)",0%,2020-2021
17,Crystal Palace,eng Premier League,87,"€ 2,035,043 (£ 1,706,442, $2,073,705)","€ 105,822,228 (£ 88,735,000, $107,832,658)",2%,2020-2021
18,Villarreal,es La Liga,84,"€ 1,857,115 (£ 1,557,207, $1,892,608)","€ 96,570,000 (£ 80,974,753, $98,415,618)",60%,2020-2021
19,Sevilla,es La Liga,81,"€ 1,797,885 (£ 1,507,541, $1,832,245)","€ 93,490,000 (£ 78,392,148, $95,276,751)",68%,2020-2021
20,Leicester City,eng Premier League,80,"€ 1,777,976 (£ 1,490,885, $1,811,755)","€ 92,454,770 (£ 77,526,000, $94,211,238)",0%,2020-2021
21,Dortmund,de Bundesliga,85,"€ 1,737,115 (£ 1,456,586, $1,770,315)","€ 90,330,000 (£ 75,742,458, $92,056,361)",54%,2020-2021
22,Lazio,it Serie A,95,"€ 1,676,346 (£ 1,405,630, $1,708,384)","€ 87,170,000 (£ 73,092,777, $88,835,968)",7%,2020-2021
23,Milan,it Serie A,82,"€ 1,621,923 (£ 1,359,996, $1,652,921)","€ 84,340,000 (£ 70,719,796, $85,951,884)",0%,2020-2021
24,West Ham,eng Premier League,72,"€ 1,524,556 (£ 1,278,385, $1,553,520)","€ 79,276,933 (£ 66,476,000, $80,783,044)",3%,2020-2021
25,Valencia,es La Liga,78,"€ 1,449,808 (£ 1,215,676, $1,477,516)","€ 75,390,000 (£ 63,215,147, $76,830,834)",67%,2020-2021
26,Aston Villa,eng Premier League,79,"€ 1,424,496 (£ 1,194,481, $1,451,559)","€ 74,073,800 (£ 62,113,024, $75,481,066)",0%,2020-2021
27,Athletic Club,es La Liga,80,"€ 1,394,615 (£ 1,169,397, $1,421,269)","€ 72,520,000 (£ 60,808,628, $73,905,978)",96%,2020-2021
28,Newcastle Utd,eng Premier League,94,"€ 1,319,756 (£ 1,106,654, $1,344,829)","€ 68,627,328 (£ 57,546,000, $69,931,123)",3%,2020-2021
29,Southampton,eng Premier League,76,"€ 1,311,454 (£ 1,099,692, $1,336,369)","€ 68,195,619 (£ 57,184,000, $69,491,210)",3%,2020-2021
30,Schalke 04,de Bundesliga,93,"€ 1,202,308 (£ 1,008,145, $1,225,286)","€ 62,520,000 (£ 52,423,545, $63,714,862)",98%,2020-2021
31,Fulham,eng Premier League,89,"€ 1,196,437 (£ 1,003,247, $1,219,167)","€ 62,214,699 (£ 52,168,824, $63,396,662)",8%,2020-2021
32,Brighton,eng Premier League,87,"€ 1,182,907 (£ 991,902, $1,205,380)","€ 61,511,176 (£ 51,578,900, $62,679,778)",2%,2020-2021
33,Wolves,eng Premier League,70,"€ 1,181,414 (£ 990,650, $1,203,859)","€ 61,433,538 (£ 51,513,800, $62,600,661)",9%,2020-2021
34,Monaco,fr Ligue 1,89,"€ 1,152,115 (£ 966,058, $1,174,134)","€ 59,910,000 (£ 50,235,035, $61,054,978)",85%,2020-2021
35,Cagliari,it Serie A,88,"€ 1,149,038 (£ 963,478, $1,170,999)","€ 59,750,000 (£ 50,100,874, $60,891,926)",8%,2020-2021
36,Wolfsburg,de Bundesliga,82,"€ 1,112,885 (£ 933,163, $1,134,154)","€ 57,870,000 (£ 48,524,481, $58,975,995)",100%,2020-2021
37,Leverkusen,de Bundesliga,85,"€ 1,080,769 (£ 906,234, $1,101,425)","€ 56,200,000 (£ 47,124,173, $57,274,076)",54%,2020-2021
38,Lyon,fr Ligue 1,82,"€ 1,065,962 (£ 893,818, $1,086,334)","€ 55,430,000 (£ 46,478,516, $56,489,360)",79%,2020-2021
39,RB Leipzig,de Bundesliga,81,"€ 1,035,962 (£ 868,662, $1,055,761)","€ 53,870,000 (£ 45,170,443, $54,899,548)",52%,2020-2021
40,Marseille,fr Ligue 1,98,"€ 1,021,731 (£ 856,730, $1,041,258)","€ 53,130,000 (£ 44,549,946, $54,145,401)",79%,2020-2021
41,Fiorentina,it Serie A,81,"€ 997,885 (£ 836,735, $1,016,956)","€ 51,890,000 (£ 43,510,199, $52,881,707)",6%,2020-2021
42,Real Sociedad,es La Liga,81,"€ 981,538 (£ 823,028, $1,000,297)","€ 51,040,000 (£ 42,797,468, $52,015,463)",96%,2020-2021
43,Torino,it Serie A,84,"€ 960,962 (£ 805,774, $979,327)","€ 49,970,000 (£ 41,900,260, $50,925,013)",5%,2020-2021
44,Gladbach,de Bundesliga,95,"€ 951,538 (£ 797,873, $969,724)","€ 49,480,000 (£ 41,489,393, $50,425,646)",78%,2020-2021
45,Eint Frankfurt,de Bundesliga,91,"€ 916,923 (£ 768,848, $934,447)","€ 47,680,000 (£ 39,980,079, $48,591,246)",99%,2020-2021
46,West Brom,eng Premier League,87,"€ 850,578 (£ 713,235, $866,738)","€ 44,230,079 (£ 37,088,200, $45,070,367)",21%,2020-2021
47,Atalanta,it Serie A,81,"€ 849,423 (£ 712,248, $865,657)","€ 44,170,000 (£ 37,036,910, $45,014,164)",16%,2020-2021
48,Burnley,eng Premier League,74,"€ 842,845 (£ 706,750, $858,858)","€ 43,827,947 (£ 36,751,000, $44,660,597)",3%,2020-2021
49,Hoffenheim,de Bundesliga,96,"€ 824,423 (£ 691,286, $840,179)","€ 42,870,000 (£ 35,946,852, $43,689,319)",98%,2020-2021
50,Celta Vigo,es La Liga,74,"€ 815,000 (£ 683,384, $830,576)","€ 42,380,000 (£ 35,535,983, $43,189,954)",96%,2020-2021
51,Hertha BSC,de Bundesliga,82,"€ 795,000 (£ 666,614, $810,194)","€ 41,340,000 (£ 34,663,935, $42,130,079)",96%,2020-2021
52,Parma,it Serie A,109,"€ 794,038 (£ 665,808, $809,214)","€ 41,290,000 (£ 34,622,008, $42,079,122)",23%,2020-2021
53,Genoa,it Serie A,102,"€ 788,077 (£ 660,809, $803,138)","€ 40,980,000 (£ 34,362,070, $41,763,197)",23%,2020-2021
54,Betis,es La Liga,81,"€ 760,385 (£ 637,589, $774,917)","€ 39,540,000 (£ 33,154,621, $40,295,678)",100%,2020-2021
55,Bologna,it Serie A,90,"€ 688,654 (£ 577,442, $701,815)","€ 35,810,000 (£ 30,026,984, $36,494,391)",17%,2020-2021
56,Benevento,it Serie A,94,"€ 623,269 (£ 522,616, $635,181)","€ 32,410,000 (£ 27,176,055, $33,029,412)",14%,2020-2021
57,Sassuolo,it Serie A,85,"€ 608,269 (£ 510,039, $619,894)","€ 31,630,000 (£ 26,522,016, $32,234,502)",2%,2020-2021
58,Sampdoria,it Serie A,79,"€ 587,885 (£ 492,946, $599,120)","€ 30,570,000 (£ 25,633,200, $31,154,244)",3%,2020-2021
59,Köln,de Bundesliga,94,"€ 576,346 (£ 483,271, $587,361)","€ 29,970,000 (£ 25,130,097, $30,542,780)",98%,2020-2021
60,Werder Bremen,de Bundesliga,78,"€ 575,000 (£ 482,142, $585,989)","€ 29,900,000 (£ 25,071,401, $30,471,438)",100%,2020-2021
61,Udinese,it Serie A,96,"€ 572,308 (£ 479,885, $583,245)","€ 29,760,000 (£ 24,954,007, $30,328,763)",15%,2020-2021
62,Hellas Verona,it Serie A,102,"€ 559,615 (£ 469,242, $570,311)","€ 29,100,000 (£ 24,400,593, $29,656,151)",17%,2020-2021
63,Rennes,fr Ligue 1,77,"€ 556,538 (£ 466,662, $567,175)","€ 28,940,000 (£ 24,266,434, $29,493,093)",69%,2020-2021
64,Leeds United,eng Premier League,85,"€ 554,689 (£ 465,123, $565,227)","€ 28,843,845 (£ 24,186,400, $29,391,828)",1%,2020-2021
65,Lille,fr Ligue 1,74,"€ 524,615 (£ 439,894, $534,642)","€ 27,280,000 (£ 22,874,507, $27,801,367)",64%,2020-2021
66,Granada,es La Liga,80,"€ 520,385 (£ 436,347, $530,330)","€ 27,060,000 (£ 22,690,035, $27,577,161)",98%,2020-2021
67,Getafe,es La Liga,74,"€ 495,962 (£ 415,868, $505,440)","€ 25,790,000 (£ 21,625,130, $26,282,889)",100%,2020-2021
68,Osasuna,es La Liga,77,"€ 483,462 (£ 405,387, $492,701)","€ 25,140,000 (£ 21,080,100, $25,620,469)",100%,2020-2021
69,Bordeaux,fr Ligue 1,76,"€ 472,308 (£ 396,034, $481,334)","€ 24,560,000 (£ 20,593,764, $25,029,381)",58%,2020-2021
70,Sheffield Utd,eng Premier League,86,"€ 460,679 (£ 386,292, $469,431)","€ 23,955,287 (£ 20,087,200, $24,410,390)",13%,2020-2021
71,Alavés,es La Liga,77,"€ 450,192 (£ 377,490, $458,796)","€ 23,410,000 (£ 19,629,481, $23,857,405)",97%,2020-2021
72,Nice,fr Ligue 1,84,"€ 449,231 (£ 376,684, $457,816)","€ 23,360,000 (£ 19,587,557, $23,806,448)",85%,2020-2021
73,Valladolid,es La Liga,79,"€ 446,731 (£ 374,588, $455,269)","€ 23,230,000 (£ 19,478,551, $23,673,967)",96%,2020-2021
74,Mainz 05,de Bundesliga,91,"€ 445,769 (£ 373,781, $454,289)","€ 23,180,000 (£ 19,436,626, $23,623,009)",94%,2020-2021
75,Augsburg,de Bundesliga,81,"€ 440,769 (£ 369,589, $449,193)","€ 22,920,000 (£ 19,218,613, $23,358,043)",96%,2020-2021
76,Spezia,it Serie A,106,"€ 386,923 (£ 324,438, $394,318)","€ 20,120,000 (£ 16,870,791, $20,504,529)",11%,2020-2021
77,Saint-Étienne,fr Ligue 1,85,"€ 384,423 (£ 322,342, $391,770)","€ 19,990,000 (£ 16,761,784, $20,372,045)",88%,2020-2021
78,Cádiz,es La Liga,85,"€ 373,269 (£ 312,989, $380,403)","€ 19,410,000 (£ 16,275,446, $19,780,961)",100%,2020-2021
79,Crotone,it Serie A,93,"€ 365,192 (£ 306,217, $372,172)","€ 18,990,000 (£ 15,923,274, $19,352,928)",6%,2020-2021
80,Nantes,fr Ligue 1,80,"€ 361,538 (£ 303,153, $368,448)","€ 18,800,000 (£ 15,763,963, $19,159,301)",29%,2020-2021
81,Levante,es La Liga,72,"€ 358,654 (£ 300,734, $365,508)","€ 18,650,000 (£ 15,638,183, $19,006,435)",100%,2020-2021
82,Eibar,es La Liga,74,"€ 358,462 (£ 300,573, $365,312)","€ 18,640,000 (£ 15,629,794, $18,996,243)",100%,2020-2021
83,Stuttgart,de Bundesliga,97,"€ 356,154 (£ 298,638, $362,961)","€ 18,520,000 (£ 15,529,175, $18,873,948)",100%,2020-2021
84,Union Berlin,de Bundesliga,84,"€ 332,692 (£ 278,965, $339,051)","€ 17,300,000 (£ 14,506,197, $17,630,631)",100%,2020-2021
85,Huesca,es La Liga,81,"€ 330,962 (£ 277,514, $337,287)","€ 17,210,000 (£ 14,430,730, $17,538,912)",98%,2020-2021
86,Montpellier,fr Ligue 1,87,"€ 304,038 (£ 254,939, $309,849)","€ 15,810,000 (£ 13,256,820, $16,112,152)",86%,2020-2021
87,Freiburg,de Bundesliga,77,"€ 278,269 (£ 233,331, $283,587)","€ 14,470,000 (£ 12,133,218, $14,746,547)",100%,2020-2021
88,Angers,fr Ligue 1,94,"€ 273,846 (£ 229,622, $279,080)","€ 14,240,000 (£ 11,940,359, $14,512,148)",84%,2020-2021
89,Strasbourg,fr Ligue 1,76,"€ 269,615 (£ 226,075, $274,768)","€ 14,020,000 (£ 11,755,886, $14,287,947)",75%,2020-2021
90,Elche,es La Liga,72,"€ 259,712 (£ 217,770, $264,675)","€ 13,505,000 (£ 11,324,057, $13,763,102)",97%,2020-2021
91,Dijon,fr Ligue 1,83,"€ 205,192 (£ 172,055, $209,114)","€ 10,670,000 (£ 8,946,884, $10,873,920)",85%,2020-2021
92,Brest,fr Ligue 1,81,"€ 192,885 (£ 161,735, $196,571)","€ 10,030,000 (£ 8,410,241, $10,221,691)",89%,2020-2021
93,Arminia,de Bundesliga,87,"€ 184,423 (£ 154,640, $187,948)","€ 9,590,000 (£ 8,041,296, $9,773,282)",100%,2020-2021
94,Metz,fr Ligue 1,87,"€ 183,846 (£ 154,157, $187,360)","€ 9,560,000 (£ 8,016,140, $9,742,707)",90%,2020-2021
95,Reims,fr Ligue 1,72,"€ 183,462 (£ 153,834, $186,968)","€ 9,540,000 (£ 7,999,367, $9,722,323)",76%,2020-2021
96,Lorient,fr Ligue 1,85,"€ 179,423 (£ 150,448, $182,852)","€ 9,330,000 (£ 7,823,284, $9,508,312)",96%,2020-2021
97,Lens,fr Ligue 1,83,"€ 163,462 (£ 137,064, $166,586)","€ 8,500,000 (£ 7,127,325, $8,662,447)",96%,2020-2021
98,Nîmes,fr Ligue 1,90,"€ 159,615 (£ 133,839, $162,666)","€ 8,300,000 (£ 6,959,619, $8,458,630)",80%,2020-2021
1,Paris S-G,fr Ligue 1,108,"€ 8,321,154 (£ 6,977,357, $8,480,185)","€ 432,700,000 (£ 362,822,570, $440,969,630)",30%,2021-2022
2,Real Madrid,es La Liga,77,"€ 6,203,654 (£ 5,201,816, $6,322,216)","€ 322,590,000 (£ 270,494,419, $328,755,245)",10%,2021-2022
3,Manchester Utd,eng Premier League,82,"€ 5,477,771 (£ 4,593,269, $5,581,838)","€ 284,844,078 (£ 238,850,000, $290,255,583)",5%,2021-2022
4,Barcelona,es La Liga,94,"€ 4,860,481 (£ 4,075,554, $4,953,373)","€ 252,745,000 (£ 211,928,796, $257,575,384)",33%,2021-2022
5,Bayern Munich,de Bundesliga,79,"€ 4,588,654 (£ 3,847,625, $4,676,351)","€ 238,610,000 (£ 200,076,486, $243,170,244)",27%,2021-2022
6,Chelsea,eng Premier League,81,"€ 4,033,850 (£ 3,382,500, $4,110,486)","€ 209,760,207 (£ 175,890,000, $213,745,254)",2%,2021-2022
7,Juventus,it Serie A,76,"€ 3,479,808 (£ 2,917,848, $3,546,313)","€ 180,950,000 (£ 151,728,092, $184,408,264)",0%,2021-2022
8,Manchester City,eng Premier League,67,"€ 3,475,684 (£ 2,914,462, $3,541,715)","€ 180,735,566 (£ 151,552,000, $184,169,203)",8%,2021-2022
9,Liverpool,eng Premier League,83,"€ 3,311,936 (£ 2,777,154, $3,374,856)","€ 172,220,653 (£ 144,412,000, $175,492,521)",6%,2021-2022
10,Atlético Madrid,es La Liga,70,"€ 3,217,885 (£ 2,698,223, $3,279,384)","€ 167,330,000 (£ 140,307,605, $170,527,961)",33%,2021-2022
11,Inter,it Serie A,81,"€ 2,950,769 (£ 2,474,245, $3,007,163)","€ 153,440,000 (£ 128,660,726, $156,372,498)",9%,2021-2022
12,Arsenal,eng Premier League,70,"€ 2,622,954 (£ 2,199,423, $2,672,786)","€ 136,393,624 (£ 114,370,000, $138,984,848)",6%,2021-2022
13,Tottenham,eng Premier League,67,"€ 2,527,090 (£ 2,119,038, $2,575,100)","€ 131,408,702 (£ 110,190,000, $133,905,224)",10%,2021-2022
14,Everton,eng Premier League,86,"€ 2,125,930 (£ 1,782,654, $2,166,319)","€ 110,548,361 (£ 92,698,000, $112,648,575)",22%,2021-2022
15,Villarreal,es La Liga,78,"€ 2,039,615 (£ 1,710,235, $2,078,596)","€ 106,060,000 (£ 88,932,198, $108,086,988)",19%,2021-2022
16,Napoli,it Serie A,78,"€ 1,989,231 (£ 1,667,987, $2,027,248)","€ 103,440,000 (£ 86,735,304, $105,416,919)",8%,2021-2022
17,Roma,it Serie A,93,"€ 1,914,423 (£ 1,605,260, $1,951,011)","€ 99,550,000 (£ 83,473,512, $101,452,572)",11%,2021-2022
18,Sevilla,es La Liga,85,"€ 1,908,462 (£ 1,600,261, $1,944,935)","€ 99,240,000 (£ 83,213,571, $101,136,644)",74%,2021-2022
19,Dortmund,de Bundesliga,95,"€ 1,735,962 (£ 1,455,618, $1,769,139)","€ 90,270,000 (£ 75,692,148, $91,995,216)",65%,2021-2022
20,West Ham,eng Premier League,77,"€ 1,709,863 (£ 1,433,769, $1,742,347)","€ 88,912,857 (£ 74,556,000, $90,602,030)",4%,2021-2022
21,Leicester City,eng Premier League,82,"€ 1,705,597 (£ 1,430,192, $1,738,000)","€ 88,691,036 (£ 74,370,000, $90,376,000)",23%,2021-2022
22,Milan,it Serie A,86,"€ 1,684,423 (£ 1,412,403, $1,716,615)","€ 87,590,000 (£ 73,444,949, $89,263,995)",2%,2021-2022
23,Crystal Palace,eng Premier League,78,"€ 1,673,031 (£ 1,402,885, $1,704,815)","€ 86,997,594 (£ 72,950,000, $88,650,389)",31%,2021-2022
24,Aston Villa,eng Premier League,66,"€ 1,639,547 (£ 1,374,808, $1,670,695)","€ 85,256,450 (£ 71,490,000, $86,876,165)",12%,2021-2022
25,Newcastle Utd,eng Premier League,83,"€ 1,572,580 (£ 1,318,654, $1,602,456)","€ 81,774,162 (£ 68,570,000, $83,327,721)",7%,2021-2022
26,Lazio,it Serie A,90,"€ 1,508,462 (£ 1,264,858, $1,537,291)","€ 78,440,000 (£ 65,772,599, $79,939,123)",4%,2021-2022
27,Valencia,es La Liga,80,"€ 1,323,462 (£ 1,109,734, $1,348,755)","€ 68,820,000 (£ 57,706,147, $70,135,269)",71%,2021-2022
28,Lyon,fr Ligue 1,88,"€ 1,314,423 (£ 1,102,155, $1,339,544)","€ 68,350,000 (£ 57,312,045, $69,656,285)",69%,2021-2022
29,Wolves,eng Premier League,76,"€ 1,313,427 (£ 1,101,346, $1,338,379)","€ 68,298,179 (£ 57,270,000, $69,595,717)",29%,2021-2022
30,Athletic Club,es La Liga,78,"€ 1,232,692 (£ 1,033,623, $1,256,251)","€ 64,100,000 (£ 53,748,389, $65,325,058)",96%,2021-2022
31,Southampton,eng Premier League,81,"€ 1,205,866 (£ 1,011,154, $1,228,776)","€ 62,705,051 (£ 52,580,000, $63,896,331)",26%,2021-2022
32,Wolfsburg,de Bundesliga,93,"€ 1,183,269 (£ 992,181, $1,205,883)","€ 61,530,000 (£ 51,593,421, $62,705,941)",98%,2021-2022
33,Fiorentina,it Serie A,85,"€ 1,128,846 (£ 946,547, $1,150,420)","€ 58,700,000 (£ 49,220,441, $59,821,859)",13%,2021-2022
34,Marseille,fr Ligue 1,89,"€ 1,071,346 (£ 898,333, $1,091,821)","€ 55,710,000 (£ 46,713,299, $56,774,712)",72%,2021-2022
35,Brighton,eng Premier League,76,"€ 1,065,740 (£ 893,654, $1,085,987)","€ 55,418,481 (£ 46,470,000, $56,471,332)",24%,2021-2022
36,RB Leipzig,de Bundesliga,85,"€ 1,038,846 (£ 871,081, $1,058,700)","€ 54,020,000 (£ 45,296,220, $55,052,414)",59%,2021-2022
37,Torino,it Serie A,88,"€ 1,029,808 (£ 863,502, $1,049,489)","€ 53,550,000 (£ 44,902,122, $54,573,434)",17%,2021-2022
38,Monaco,fr Ligue 1,88,"€ 1,016,154 (£ 852,053, $1,035,574)","€ 52,840,000 (£ 44,306,780, $53,849,858)",77%,2021-2022
39,Leverkusen,de Bundesliga,84,"€ 995,962 (£ 835,122, $1,014,996)","€ 51,790,000 (£ 43,426,351, $52,779,797)",71%,2021-2022
40,Real Sociedad,es La Liga,80,"€ 970,192 (£ 813,514, $988,734)","€ 50,450,000 (£ 42,302,748, $51,414,186)",96%,2021-2022
41,Watford,eng Premier League,88,"€ 949,006 (£ 795,769, $967,036)","€ 49,348,326 (£ 41,380,000, $50,285,851)",36%,2021-2022
42,Betis,es La Liga,83,"€ 922,500 (£ 773,524, $940,131)","€ 47,970,000 (£ 40,223,247, $48,886,789)",96%,2021-2022
43,Gladbach,de Bundesliga,80,"€ 909,231 (£ 762,398, $926,608)","€ 47,280,000 (£ 39,644,677, $48,183,602)",73%,2021-2022
44,Burnley,eng Premier League,72,"€ 906,349 (£ 760,000, $923,568)","€ 47,130,158 (£ 39,520,000, $48,025,544)",22%,2021-2022
45,Atalanta,it Serie A,76,"€ 891,346 (£ 747,401, $908,381)","€ 46,350,000 (£ 38,864,860, $47,235,829)",7%,2021-2022
46,Genoa,it Serie A,106,"€ 813,462 (£ 682,094, $829,008)","€ 42,300,000 (£ 35,468,904, $43,108,428)",38%,2021-2022
47,Hoffenheim,de Bundesliga,96,"€ 774,423 (£ 649,360, $789,224)","€ 40,270,000 (£ 33,766,731, $41,039,628)",95%,2021-2022
48,Celta Vigo,es La Liga,64,"€ 738,077 (£ 618,884, $752,183)","€ 38,380,000 (£ 32,181,951, $39,113,509)",86%,2021-2022
49,Getafe,es La Liga,81,"€ 730,865 (£ 612,837, $744,833)","€ 38,005,000 (£ 31,867,512, $38,731,337)",95%,2021-2022
50,Sampdoria,it Serie A,86,"€ 721,154 (£ 604,694, $734,936)","€ 37,500,000 (£ 31,444,064, $38,216,686)",14%,2021-2022
51,Hertha BSC,de Bundesliga,92,"€ 720,385 (£ 604,049, $734,152)","€ 37,460,000 (£ 31,410,525, $38,175,924)",99%,2021-2022
52,Norwich City,eng Premier League,82,"€ 718,291 (£ 602,308, $731,937)","€ 37,351,130 (£ 31,320,000, $38,060,731)",28%,2021-2022
53,Empoli,it Serie A,87,"€ 710,192 (£ 595,502, $723,765)","€ 36,930,000 (£ 30,966,112, $37,635,795)",16%,2021-2022
54,Eint Frankfurt,de Bundesliga,97,"€ 692,500 (£ 580,667, $705,735)","€ 36,010,000 (£ 30,194,688, $36,698,211)",94%,2021-2022
55,Cagliari,it Serie A,86,"€ 649,231 (£ 544,385, $661,639)","€ 33,760,000 (£ 28,308,043, $34,405,212)",33%,2021-2022
56,Bologna,it Serie A,90,"€ 579,423 (£ 485,851, $590,497)","€ 30,130,000 (£ 25,264,256, $30,705,835)",30%,2021-2022
57,Espanyol,es La Liga,78,"€ 568,462 (£ 476,660, $579,326)","€ 29,560,000 (£ 24,786,307, $30,124,941)",100%,2021-2022
58,Nice,fr Ligue 1,82,"€ 559,615 (£ 469,242, $570,311)","€ 29,100,000 (£ 24,400,594, $29,656,151)",78%,2021-2022
59,Köln,de Bundesliga,90,"€ 556,538 (£ 466,662, $567,175)","€ 28,940,000 (£ 24,266,432, $29,493,089)",99%,2021-2022
60,Leeds United,eng Premier League,70,"€ 546,057 (£ 457,885, $556,431)","€ 28,394,966 (£ 23,810,000, $28,934,417)",27%,2021-2022
61,Lille,fr Ligue 1,77,"€ 540,385 (£ 453,117, $550,712)","€ 28,100,000 (£ 23,562,083, $28,637,040)",75%,2021-2022
62,Sassuolo,it Serie A,86,"€ 533,846 (£ 447,634, $544,049)","€ 27,760,000 (£ 23,276,991, $28,290,540)",17%,2021-2022
63,Bordeaux,fr Ligue 1,93,"€ 532,115 (£ 446,183, $542,285)","€ 27,670,000 (£ 23,201,527, $28,198,819)",81%,2021-2022
64,Granada,es La Liga,84,"€ 498,846 (£ 418,287, $508,380)","€ 25,940,000 (£ 21,750,907, $26,435,758)",100%,2021-2022
65,Brentford,eng Premier League,90,"€ 484,594 (£ 406,346, $493,801)","€ 25,198,890 (£ 21,130,000, $25,677,627)",36%,2021-2022
66,Augsburg,de Bundesliga,89,"€ 461,538 (£ 387,004, $470,359)","€ 24,000,000 (£ 20,124,202, $24,458,682)",93%,2021-2022
67,Rennes,fr Ligue 1,83,"€ 460,000 (£ 385,714, $468,791)","€ 23,920,000 (£ 20,057,119, $24,377,150)",81%,2021-2022
68,Alavés,es La Liga,72,"€ 455,288 (£ 381,763, $463,990)","€ 23,675,000 (£ 19,851,686, $24,127,471)",89%,2021-2022
69,Salernitana,it Serie A,102,"€ 443,269 (£ 371,685, $451,741)","€ 23,050,000 (£ 19,327,618, $23,490,524)",48%,2021-2022
70,Venezia,it Serie A,105,"€ 440,962 (£ 369,750, $449,389)","€ 22,930,000 (£ 19,226,999, $23,368,232)",35%,2021-2022
71,Udinese,it Serie A,86,"€ 430,962 (£ 361,365, $439,198)","€ 22,410,000 (£ 18,790,971, $22,838,290)",38%,2021-2022
72,Hellas Verona,it Serie A,85,"€ 413,269 (£ 346,530, $421,168)","€ 21,490,000 (£ 18,019,544, $21,900,711)",22%,2021-2022
73,Union Berlin,de Bundesliga,90,"€ 412,500 (£ 345,885, $420,384)","€ 21,450,000 (£ 17,986,007, $21,859,946)",100%,2021-2022
74,Mallorca,es La Liga,83,"€ 411,346 (£ 344,917, $419,208)","€ 21,390,000 (£ 17,935,696, $21,798,801)",98%,2021-2022
75,Saint-Étienne,fr Ligue 1,91,"€ 390,962 (£ 327,825, $398,434)","€ 20,330,000 (£ 17,046,876, $20,718,543)",90%,2021-2022
76,Cádiz,es La Liga,89,"€ 383,654 (£ 321,697, $390,986)","€ 19,950,000 (£ 16,728,242, $20,331,279)",97%,2021-2022
77,Levante,es La Liga,83,"€ 375,865 (£ 315,166, $383,049)","€ 19,545,000 (£ 16,388,647, $19,918,540)",100%,2021-2022
78,Elche,es La Liga,73,"€ 371,442 (£ 311,458, $378,541)","€ 19,315,000 (£ 16,195,792, $19,684,141)",93%,2021-2022
79,Nantes,fr Ligue 1,84,"€ 365,192 (£ 306,217, $372,172)","€ 18,990,000 (£ 15,923,278, $19,352,931)",37%,2021-2022
80,Mainz 05,de Bundesliga,81,"€ 330,385 (£ 277,030, $336,699)","€ 17,180,000 (£ 14,405,575, $17,508,339)",96%,2021-2022
81,Osasuna,es La Liga,80,"€ 325,000 (£ 272,515, $331,211)","€ 16,900,000 (£ 14,170,790, $17,222,987)",100%,2021-2022
82,Spezia,it Serie A,89,"€ 318,462 (£ 267,033, $324,548)","€ 16,560,000 (£ 13,885,700, $16,876,489)",33%,2021-2022
83,Stuttgart,de Bundesliga,97,"€ 302,692 (£ 253,810, $308,477)","€ 15,740,000 (£ 13,198,121, $16,040,818)",97%,2021-2022
84,Strasbourg,fr Ligue 1,77,"€ 265,962 (£ 223,011, $271,045)","€ 13,830,000 (£ 11,596,569, $14,094,315)",81%,2021-2022
85,Bochum,de Bundesliga,91,"€ 259,808 (£ 217,851, $264,773)","€ 13,510,000 (£ 11,328,246, $13,768,197)",100%,2021-2022
86,Greuther Fürth,de Bundesliga,92,"€ 244,231 (£ 204,790, $248,898)","€ 12,700,000 (£ 10,649,056, $12,942,721)",98%,2021-2022
87,Montpellier,fr Ligue 1,75,"€ 236,923 (£ 198,662, $241,451)","€ 12,320,000 (£ 10,330,424, $12,555,455)",88%,2021-2022
88,Angers,fr Ligue 1,81,"€ 233,654 (£ 195,921, $238,119)","€ 12,150,000 (£ 10,187,876, $12,382,204)",83%,2021-2022
89,Freiburg,de Bundesliga,78,"€ 231,154 (£ 193,824, $235,572)","€ 12,020,000 (£ 10,078,872, $12,249,724)",100%,2021-2022
90,Troyes,fr Ligue 1,105,"€ 206,346 (£ 173,023, $210,290)","€ 10,730,000 (£ 8,997,193, $10,935,068)",91%,2021-2022
91,Reims,fr Ligue 1,84,"€ 204,615 (£ 171,572, $208,526)","€ 10,640,000 (£ 8,921,728, $10,843,344)",76%,2021-2022
92,Rayo Vallecano,es La Liga,76,"€ 204,519 (£ 171,491, $208,428)","€ 10,635,000 (£ 8,917,536, $10,838,253)",96%,2021-2022
93,Arminia,de Bundesliga,76,"€ 204,423 (£ 171,411, $208,330)","€ 10,630,000 (£ 8,913,347, $10,833,157)",99%,2021-2022
94,Brest,fr Ligue 1,80,"€ 201,346 (£ 168,830, $205,194)","€ 10,470,000 (£ 8,779,184, $10,670,099)",86%,2021-2022
95,Metz,fr Ligue 1,96,"€ 197,115 (£ 165,283, $200,883)","€ 10,250,000 (£ 8,594,711, $10,445,894)",88%,2021-2022
96,Lens,fr Ligue 1,80,"€ 189,423 (£ 158,833, $193,043)","€ 9,850,000 (£ 8,259,307, $10,038,249)",96%,2021-2022
97,Lorient,fr Ligue 1,85,"€ 173,269 (£ 145,288, $176,581)","€ 9,010,000 (£ 7,554,961, $9,182,194)",96%,2021-2022
98,Clermont Foot,fr Ligue 1,89,"€ 92,692 (£ 77,723, $94,464)","€ 4,820,000 (£ 4,041,608, $4,912,120)",93%,2021-2022
1,Paris S-G,fr Ligue 1,61,"€ 6,953,654 (£ 5,982,300, $7,603,546)","€ 361,590,000 (£ 311,079,619, $395,384,417)",26%,2022-2023
2,Real Madrid,es La Liga,46,"€ 5,595,192 (£ 4,813,602, $6,118,122)","€ 290,950,000 (£ 250,307,293, $318,142,363)",7%,2022-2023
3,Barcelona,es La Liga,49,"€ 5,163,654 (£ 4,442,345, $5,646,252)","€ 268,510,000 (£ 231,001,931, $293,605,104)",23%,2022-2023
4,Manchester Utd,eng Premier League,92,"€ 5,108,040 (£ 4,394,500, $5,585,441)","€ 265,618,093 (£ 228,514,000, $290,442,939)",18%,2022-2023
5,Bayern Munich,de Bundesliga,51,"€ 5,047,500 (£ 4,342,417, $5,519,242)","€ 262,470,000 (£ 225,805,658, $287,000,606)",18%,2022-2023
6,Manchester City,eng Premier League,70,"€ 4,353,080 (£ 3,745,000, $4,759,922)","€ 226,360,165 (£ 194,740,000, $247,515,941)",13%,2022-2023
7,Chelsea,eng Premier League,86,"€ 4,248,467 (£ 3,655,000, $4,645,531)","€ 220,920,267 (£ 190,060,000, $241,567,629)",16%,2022-2023
8,Liverpool,eng Premier League,86,"€ 3,620,786 (£ 3,115,000, $3,959,187)","€ 188,280,884 (£ 161,980,000, $205,877,743)",29%,2022-2023
9,Juventus,it Serie A,89,"€ 3,141,731 (£ 2,702,864, $3,435,359)","€ 163,370,000 (£ 140,548,904, $178,638,659)",10%,2022-2023
10,Atlético Madrid,es La Liga,45,"€ 2,908,269 (£ 2,502,014, $3,180,078)","€ 151,230,000 (£ 130,104,733, $165,364,046)",32%,2022-2023
11,Inter,it Serie A,80,"€ 2,580,000 (£ 2,219,601, $2,821,128)","€ 134,160,000 (£ 115,419,238, $146,698,674)",3%,2022-2023
12,Tottenham,eng Premier League,79,"€ 2,443,885 (£ 2,102,500, $2,672,293)","€ 127,082,044 (£ 109,330,000, $138,959,216)",29%,2022-2023
13,Dortmund,de Bundesliga,64,"€ 2,356,154 (£ 2,027,024, $2,576,361)","€ 122,520,000 (£ 105,405,225, $133,970,796)",68%,2022-2023
14,Arsenal,eng Premier League,69,"€ 2,272,436 (£ 1,955,000, $2,484,819)","€ 118,166,655 (£ 101,660,000, $129,210,591)",7%,2022-2023
15,Aston Villa,eng Premier League,81,"€ 2,249,188 (£ 1,935,000, $2,459,399)","€ 116,957,789 (£ 100,620,000, $127,888,743)",23%,2022-2023
16,Everton,eng Premier League,80,"€ 1,895,827 (£ 1,631,000, $2,073,013)","€ 98,583,027 (£ 84,812,000, $107,796,661)",45%,2022-2023
17,Newcastle Utd,eng Premier League,86,"€ 1,851,657 (£ 1,593,000, $2,024,714)","€ 96,286,181 (£ 82,836,000, $105,285,152)",21%,2022-2023
18,West Ham,eng Premier League,69,"€ 1,842,358 (£ 1,585,000, $2,014,546)","€ 95,802,637 (£ 82,420,000, $104,756,412)",17%,2022-2023
19,Roma,it Serie A,84,"€ 1,799,423 (£ 1,548,062, $1,967,598)","€ 93,570,000 (£ 80,499,239, $102,315,108)",9%,2022-2023
20,RB Leipzig,de Bundesliga,50,"€ 1,796,538 (£ 1,545,581, $1,964,444)","€ 93,420,000 (£ 80,370,193, $102,151,090)",28%,2022-2023
21,Leicester City,eng Premier League,81,"€ 1,760,992 (£ 1,515,000, $1,925,576)","€ 91,571,604 (£ 78,780,000, $100,129,945)",31%,2022-2023
22,Milan,it Serie A,92,"€ 1,602,885 (£ 1,378,978, $1,752,691)","€ 83,350,000 (£ 71,706,865, $91,139,939)",3%,2022-2023
23,Crystal Palace,eng Premier League,73,"€ 1,493,647 (£ 1,285,000, $1,633,244)","€ 77,669,646 (£ 66,820,000, $84,928,703)",48%,2022-2023
24,Sevilla,es La Liga,52,"€ 1,421,731 (£ 1,223,130, $1,554,607)","€ 73,930,000 (£ 63,602,745, $80,839,544)",59%,2022-2023
25,Napoli,it Serie A,78,"€ 1,332,038 (£ 1,145,966, $1,456,532)","€ 69,266,000 (£ 59,590,254, $75,739,644)",6%,2022-2023
26,Marseille,fr Ligue 1,49,"€ 1,317,308 (£ 1,133,293, $1,440,424)","€ 68,500,000 (£ 58,931,259, $74,902,052)",43%,2022-2023
27,Lazio,it Serie A,76,"€ 1,280,000 (£ 1,101,197, $1,399,630)","€ 66,560,000 (£ 57,262,256, $72,780,740)",0%,2022-2023
28,Athletic Club,es La Liga,49,"€ 1,219,038 (£ 1,048,751, $1,332,971)","€ 63,390,000 (£ 54,535,073, $69,314,466)",74%,2022-2023
29,Fulham,eng Premier League,72,"€ 1,214,678 (£ 1,045,000, $1,328,203)","€ 63,163,251 (£ 54,340,000, $69,066,531)",42%,2022-2023
30,Nott'ham Forest,eng Premier League,107,"€ 1,194,336 (£ 1,027,500, $1,305,960)","€ 62,105,496 (£ 53,430,000, $67,909,914)",65%,2022-2023
31,Wolves,eng Premier League,87,"€ 1,166,440 (£ 1,003,500, $1,275,456)","€ 60,654,855 (£ 52,182,000, $66,323,698)",59%,2022-2023
32,Monaco,fr Ligue 1,52,"€ 1,127,500 (£ 970,000, $1,232,877)","€ 58,630,000 (£ 50,439,998, $64,109,595)",69%,2022-2023
33,Southampton,eng Premier League,77,"€ 1,107,740 (£ 953,000, $1,211,270)","€ 57,602,471 (£ 49,556,000, $62,986,030)",58%,2022-2023
34,Leeds United,eng Premier League,78,"€ 1,103,672 (£ 949,500, $1,206,821)","€ 57,390,918 (£ 49,374,000, $62,754,708)",70%,2022-2023
35,Leverkusen,de Bundesliga,57,"€ 1,102,500 (£ 948,492, $1,205,540)","€ 57,330,000 (£ 49,321,593, $62,688,098)",64%,2022-2023
36,Villarreal,es La Liga,47,"€ 1,042,308 (£ 896,708, $1,139,722)","€ 54,200,000 (£ 46,628,820, $59,265,566)",66%,2022-2023
37,Fiorentina,it Serie A,83,"€ 1,021,154 (£ 878,509, $1,116,592)","€ 53,100,000 (£ 45,682,480, $58,062,759)",0%,2022-2023
38,Lyon,fr Ligue 1,50,"€ 998,269 (£ 858,821, $1,091,568)","€ 51,910,000 (£ 44,658,710, $56,761,542)",54%,2022-2023
39,Gladbach,de Bundesliga,55,"€ 919,231 (£ 790,824, $1,005,143)","€ 47,800,000 (£ 41,122,838, $52,267,419)",81%,2022-2023
40,Valencia,es La Liga,48,"€ 915,769 (£ 787,846, $1,001,358)","€ 47,620,000 (£ 40,967,979, $52,070,594)",77%,2022-2023
41,Bournemouth,eng Premier League,83,"€ 858,992 (£ 739,000, $939,274)","€ 44,667,602 (£ 38,428,000, $48,842,265)",55%,2022-2023
42,Brighton,eng Premier League,70,"€ 857,830 (£ 738,000, $938,003)","€ 44,607,160 (£ 38,376,000, $48,776,174)",69%,2022-2023
43,Wolfsburg,de Bundesliga,52,"€ 856,538 (£ 736,889, $936,591)","€ 44,540,000 (£ 38,318,223, $48,702,736)",92%,2022-2023
44,Betis,es La Liga,52,"€ 831,538 (£ 715,381, $909,255)","€ 43,240,000 (£ 37,199,820, $47,281,235)",75%,2022-2023
45,Nice,fr Ligue 1,51,"€ 828,846 (£ 713,065, $906,311)","€ 43,100,000 (£ 37,079,377, $47,128,154)",80%,2022-2023
46,Real Sociedad,es La Liga,52,"€ 828,462 (£ 712,734, $905,890)","€ 43,080,000 (£ 37,062,168, $47,106,283)",85%,2022-2023
47,Monza,it Serie A,105,"€ 800,135 (£ 688,364, $874,916)","€ 41,607,000 (£ 35,794,934, $45,495,612)",70%,2022-2023
48,Atalanta,it Serie A,75,"€ 785,327 (£ 675,625, $858,724)","€ 40,837,000 (£ 35,132,491, $44,653,651)",16%,2022-2023
49,Hoffenheim,de Bundesliga,59,"€ 725,769 (£ 624,387, $793,600)","€ 37,740,000 (£ 32,468,116, $41,267,203)",93%,2022-2023
50,Brentford,eng Premier League,75,"€ 718,346 (£ 618,000, $785,482)","€ 37,353,966 (£ 32,136,000, $40,845,084)",75%,2022-2023
51,Schalke 04,de Bundesliga,60,"€ 686,154 (£ 590,305, $750,282)","€ 35,680,000 (£ 30,695,875, $39,014,674)",95%,2022-2023
52,Torino,it Serie A,79,"€ 675,577 (£ 581,206, $738,717)","€ 35,130,000 (£ 30,222,705, $38,413,271)",16%,2022-2023
53,Getafe,es La Liga,48,"€ 656,058 (£ 564,413, $717,373)","€ 34,115,000 (£ 29,349,490, $37,303,408)",94%,2022-2023
54,Eint Frankfurt,de Bundesliga,59,"€ 653,077 (£ 561,849, $714,114)","€ 33,960,000 (£ 29,216,138, $37,133,920)",84%,2022-2023
55,Hertha BSC,de Bundesliga,58,"€ 642,692 (£ 552,915, $702,759)","€ 33,420,000 (£ 28,751,576, $36,543,455)",95%,2022-2023
56,Bologna,it Serie A,86,"€ 634,462 (£ 545,834, $693,759)","€ 32,992,000 (£ 28,383,357, $36,075,452)",37%,2022-2023
57,Salernitana,it Serie A,87,"€ 633,962 (£ 545,404, $693,212)","€ 32,966,000 (£ 28,360,990, $36,047,023)",49%,2022-2023
58,Celta Vigo,es La Liga,43,"€ 615,000 (£ 529,091, $672,478)","€ 31,980,000 (£ 27,512,725, $34,968,871)",88%,2022-2023
59,Rennes,fr Ligue 1,53,"€ 597,692 (£ 514,201, $653,553)","€ 31,080,000 (£ 26,738,444, $33,984,757)",76%,2022-2023
60,Sassuolo,it Serie A,84,"€ 596,846 (£ 513,473, $652,628)","€ 31,036,000 (£ 26,700,590, $33,936,646)",25%,2022-2023
61,Empoli,it Serie A,80,"€ 517,231 (£ 444,979, $565,571)","€ 26,896,000 (£ 23,138,908, $29,409,716)",33%,2022-2023
62,Lille,fr Ligue 1,45,"€ 511,923 (£ 440,413, $559,768)","€ 26,620,000 (£ 22,901,460, $29,107,921)",80%,2022-2023
63,Sampdoria,it Serie A,88,"€ 507,231 (£ 436,376, $554,637)","€ 26,376,000 (£ 22,691,547, $28,841,118)",33%,2022-2023
64,Augsburg,de Bundesliga,62,"€ 501,346 (£ 431,313, $548,202)","€ 26,070,000 (£ 22,428,292, $28,506,518)",93%,2022-2023
65,Espanyol,es La Liga,48,"€ 478,654 (£ 411,791, $523,389)","€ 24,890,000 (£ 21,413,123, $27,216,235)",86%,2022-2023
66,Werder Bremen,de Bundesliga,53,"€ 453,654 (£ 390,283, $496,053)","€ 23,590,000 (£ 20,294,723, $25,794,737)",100%,2022-2023
67,Spezia,it Serie A,87,"€ 417,885 (£ 359,510, $456,940)","€ 21,730,000 (£ 18,694,543, $23,760,902)",33%,2022-2023
68,Köln,de Bundesliga,61,"€ 411,154 (£ 353,720, $449,581)","€ 21,380,000 (£ 18,393,434, $23,378,187)",96%,2022-2023
69,Mainz 05,de Bundesliga,55,"€ 410,577 (£ 353,224, $448,950)","€ 21,350,000 (£ 18,367,626, $23,345,385)",96%,2022-2023
70,Hellas Verona,it Serie A,89,"€ 408,462 (£ 351,404, $446,637)","€ 21,240,000 (£ 18,272,994, $23,225,100)",45%,2022-2023
71,Union Berlin,de Bundesliga,56,"€ 392,885 (£ 338,003, $429,604)","€ 20,430,000 (£ 17,576,141, $22,339,400)",100%,2022-2023
72,Cremonese,it Serie A,88,"€ 391,846 (£ 337,109, $428,468)","€ 20,376,000 (£ 17,529,688, $22,280,354)",26%,2022-2023
73,Udinese,it Serie A,76,"€ 385,231 (£ 331,418, $421,235)","€ 20,032,000 (£ 17,233,735, $21,904,205)",42%,2022-2023
74,Freiburg,de Bundesliga,54,"€ 376,731 (£ 324,105, $411,940)","€ 19,590,000 (£ 16,853,482, $21,420,895)",96%,2022-2023
75,Valladolid,es La Liga,48,"€ 363,750 (£ 312,938, $397,746)","€ 18,915,000 (£ 16,272,769, $20,682,808)",93%,2022-2023
76,Nantes,fr Ligue 1,53,"€ 363,462 (£ 312,690, $397,431)","€ 18,900,000 (£ 16,259,867, $20,666,403)",50%,2022-2023
77,Mallorca,es La Liga,51,"€ 350,769 (£ 301,770, $383,552)","€ 18,240,000 (£ 15,692,061, $19,944,720)",92%,2022-2023
78,Osasuna,es La Liga,43,"€ 339,519 (£ 292,092, $371,251)","€ 17,655,000 (£ 15,188,780, $19,305,048)",100%,2022-2023
79,Cádiz,es La Liga,55,"€ 335,385 (£ 288,535, $366,730)","€ 17,440,000 (£ 15,003,809, $19,069,955)",98%,2022-2023
80,Girona,es La Liga,50,"€ 332,981 (£ 286,467, $364,101)","€ 17,315,000 (£ 14,896,274, $18,933,270)",96%,2022-2023
81,Elche,es La Liga,48,"€ 325,288 (£ 279,849, $355,690)","€ 16,915,000 (£ 14,552,148, $18,495,887)",93%,2022-2023
82,Troyes,fr Ligue 1,55,"€ 322,500 (£ 277,450, $352,641)","€ 16,770,000 (£ 14,427,406, $18,337,331)",56%,2022-2023
83,Lecce,it Serie A,87,"€ 317,808 (£ 273,413, $347,510)","€ 16,526,000 (£ 14,217,491, $18,070,531)",39%,2022-2023
84,Stuttgart,de Bundesliga,54,"€ 309,615 (£ 266,365, $338,552)","€ 16,100,000 (£ 13,850,995, $17,604,715)",94%,2022-2023
85,Bochum,de Bundesliga,56,"€ 301,923 (£ 259,748, $330,141)","€ 15,700,000 (£ 13,506,876, $17,167,333)",98%,2022-2023
86,Angers,fr Ligue 1,60,"€ 298,846 (£ 257,100, $326,777)","€ 15,540,000 (£ 13,369,224, $16,992,378)",89%,2022-2023
87,Montpellier,fr Ligue 1,56,"€ 283,077 (£ 243,534, $309,533)","€ 14,720,000 (£ 12,663,770, $16,095,738)",93%,2022-2023
88,Almería,es La Liga,55,"€ 268,558 (£ 231,043, $293,657)","€ 13,965,000 (£ 12,014,235, $15,270,179)",100%,2022-2023
89,Strasbourg,fr Ligue 1,51,"€ 262,308 (£ 225,666, $286,823)","€ 13,640,000 (£ 11,734,633, $14,914,801)",71%,2022-2023
90,Rayo Vallecano,es La Liga,51,"€ 243,462 (£ 209,453, $266,216)","€ 12,660,000 (£ 10,891,530, $13,843,212)",84%,2022-2023
91,Reims,fr Ligue 1,47,"€ 242,500 (£ 208,625, $265,164)","€ 12,610,000 (£ 10,848,510, $13,788,538)",51%,2022-2023
92,Brest,fr Ligue 1,50,"€ 219,423 (£ 188,772, $239,931)","€ 11,410,000 (£ 9,816,144, $12,476,387)",66%,2022-2023
93,Lens,fr Ligue 1,55,"€ 215,385 (£ 185,298, $235,515)","€ 11,200,000 (£ 9,635,475, $12,246,760)",100%,2022-2023
94,Auxerre,fr Ligue 1,62,"€ 203,462 (£ 175,040, $222,477)","€ 10,580,000 (£ 9,102,086, $11,568,813)",93%,2022-2023
95,Lorient,fr Ligue 1,49,"€ 164,615 (£ 141,620, $180,000)","€ 8,560,000 (£ 7,364,257, $9,360,025)",98%,2022-2023
96,Toulouse,fr Ligue 1,47,"€ 153,077 (£ 131,694, $167,384)","€ 7,960,000 (£ 6,848,069, $8,703,946)",90%,2022-2023
97,Clermont Foot,fr Ligue 1,48,"€ 134,038 (£ 115,315, $146,566)","€ 6,970,000 (£ 5,996,361, $7,621,419)",100%,2022-2023
98,Ajaccio,fr Ligue 1,61,"€ 124,615 (£ 107,208, $136,262)","€ 6,480,000 (£ 5,574,810, $7,085,621)",98%,2022-2023
1,Paris S-G,fr Ligue 1,56,"€ 5,638,269 (£ 4,763,374, $6,059,136)","€ 293,190,000 (£ 247,695,438, $315,075,078)",25%,2023-2024
2,Real Madrid,es La Liga,47,"€ 5,491,731 (£ 4,639,574, $5,901,659)","€ 285,570,000 (£ 241,257,843, $306,886,288)",35%,2023-2024
3,Bayern Munich,de Bundesliga,48,"€ 4,948,462 (£ 4,180,604, $5,317,838)","€ 257,320,000 (£ 217,391,419, $276,527,574)",19%,2023-2024
4,Manchester Utd,eng Premier League,57,"€ 4,683,665 (£ 3,956,846, $5,033,261)","€ 243,550,559 (£ 205,756,000, $261,729,552)",24%,2023-2024
5,Manchester City,eng Premier League,48,"€ 4,576,131 (£ 3,866,000, $4,917,701)","€ 237,958,824 (£ 201,032,000, $255,720,441)",36%,2023-2024
6,Barcelona,es La Liga,50,"€ 4,064,231 (£ 3,433,580, $4,367,604)","€ 211,340,000 (£ 178,546,180, $227,115,409)",20%,2023-2024
7,Arsenal,eng Premier League,52,"€ 3,779,510 (£ 3,193,000, $4,061,619)","€ 196,534,543 (£ 166,036,000, $211,204,180)",12%,2023-2024
8,Chelsea,eng Premier League,60,"€ 3,574,733 (£ 3,020,000, $3,841,556)","€ 185,886,099 (£ 157,040,000, $199,760,922)",51%,2023-2024
9,Atlético Madrid,es La Liga,51,"€ 3,286,346 (£ 2,776,401, $3,531,654)","€ 170,890,000 (£ 144,372,842, $183,646,029)",47%,2023-2024
10,Liverpool,eng Premier League,49,"€ 3,101,258 (£ 2,620,000, $3,332,741)","€ 161,265,423 (£ 136,240,000, $173,302,521)",43%,2023-2024
11,Tottenham,eng Premier League,61,"€ 2,675,131 (£ 2,260,000, $2,874,807)","€ 139,106,817 (£ 117,520,000, $149,489,960)",38%,2023-2024
12,Aston Villa,eng Premier League,52,"€ 2,666,709 (£ 2,252,885, $2,865,756)","€ 138,668,852 (£ 117,150,000, $149,019,306)",47%,2023-2024
13,Dortmund,de Bundesliga,57,"€ 2,434,615 (£ 2,056,834, $2,616,347)","€ 126,600,000 (£ 106,955,360, $136,050,018)",38%,2023-2024
14,Juventus,it Serie A,58,"€ 2,338,308 (£ 1,975,470, $2,512,850)","€ 121,592,000 (£ 102,724,457, $130,668,197)",7%,2023-2024
15,Inter,it Serie A,52,"€ 2,261,154 (£ 1,910,289, $2,429,937)","€ 117,580,000 (£ 99,335,003, $126,356,724)",4%,2023-2024
16,West Ham,eng Premier League,46,"€ 2,169,697 (£ 1,833,000, $2,331,647)","€ 112,824,244 (£ 95,316,000, $121,245,618)",29%,2023-2024
17,Roma,it Serie A,56,"€ 2,007,692 (£ 1,696,157, $2,157,556)","€ 104,400,000 (£ 88,200,155, $112,192,908)",6%,2023-2024
18,RB Leipzig,de Bundesliga,51,"€ 1,943,077 (£ 1,641,568, $2,088,117)","€ 101,040,000 (£ 85,361,532, $108,582,098)",67%,2023-2024
19,Newcastle Utd,eng Premier League,57,"€ 1,923,490 (£ 1,625,000, $2,067,063)","€ 100,021,494 (£ 84,500,000, $107,487,250)",36%,2023-2024
20,Everton,eng Premier League,46,"€ 1,797,792 (£ 1,518,808, $1,931,982)","€ 93,485,180 (£ 78,978,000, $100,463,054)",52%,2023-2024
21,Milan,it Serie A,55,"€ 1,653,846 (£ 1,397,217, $1,777,297)","€ 86,000,000 (£ 72,655,299, $92,419,443)",4%,2023-2024
22,Nott'ham Forest,eng Premier League,72,"€ 1,640,088 (£ 1,385,577, $1,762,507)","€ 85,284,601 (£ 72,050,000, $91,650,371)",85%,2023-2024
23,Crystal Palace,eng Premier League,53,"€ 1,571,799 (£ 1,327,885, $1,689,120)","€ 81,733,540 (£ 69,050,000, $87,834,256)",63%,2023-2024
24,Fulham,eng Premier League,52,"€ 1,518,078 (£ 1,282,500, $1,631,389)","€ 78,940,040 (£ 66,690,000, $84,832,245)",69%,2023-2024
25,Sevilla,es La Liga,55,"€ 1,496,346 (£ 1,264,157, $1,608,040)","€ 77,810,000 (£ 65,736,148, $83,618,104)",52%,2023-2024
26,Napoli,it Serie A,51,"€ 1,451,346 (£ 1,226,139, $1,559,681)","€ 75,470,000 (£ 63,759,253, $81,103,436)",4%,2023-2024
27,Brighton,eng Premier League,52,"€ 1,420,424 (£ 1,200,000, $1,526,446)","€ 73,862,025 (£ 62,400,000, $79,375,200)",74%,2023-2024
28,Lazio,it Serie A,54,"€ 1,415,962 (£ 1,196,246, $1,521,656)","€ 73,630,000 (£ 62,204,767, $79,126,089)",10%,2023-2024
29,Marseille,fr Ligue 1,49,"€ 1,359,423 (£ 1,148,480, $1,460,897)","€ 70,690,000 (£ 59,720,969, $75,966,634)",52%,2023-2024
30,Bournemouth,eng Premier League,60,"€ 1,248,197 (£ 1,054,500, $1,341,365)","€ 64,906,255 (£ 54,834,000, $69,750,957)",78%,2023-2024
31,Leverkusen,de Bundesliga,49,"€ 1,237,885 (£ 1,045,801, $1,330,286)","€ 64,370,000 (£ 54,381,645, $69,174,879)",73%,2023-2024
32,Wolves,eng Premier League,49,"€ 1,225,115 (£ 1,035,000, $1,316,560)","€ 63,705,996 (£ 53,820,000, $68,461,110)",73%,2023-2024
33,Fiorentina,it Serie A,56,"€ 1,142,115 (£ 964,892, $1,227,368)","€ 59,390,000 (£ 50,174,400, $63,823,149)",23%,2023-2024
34,Monaco,fr Ligue 1,49,"€ 1,130,192 (£ 954,819, $1,214,555)","€ 58,770,000 (£ 49,650,604, $63,156,868)",81%,2023-2024
35,Athletic Club,es La Liga,47,"€ 1,113,654 (£ 940,847, $1,196,782)","€ 57,910,000 (£ 48,924,049, $62,232,674)",86%,2023-2024
36,Wolfsburg,de Bundesliga,56,"€ 1,054,423 (£ 890,807, $1,133,130)","€ 54,830,000 (£ 46,321,975, $58,922,769)",96%,2023-2024
37,Gladbach,de Bundesliga,60,"€ 990,000 (£ 836,381, $1,063,898)","€ 51,480,000 (£ 43,491,799, $55,322,707)",89%,2023-2024
38,Hoffenheim,de Bundesliga,54,"€ 934,423 (£ 789,428, $1,004,173)","€ 48,590,000 (£ 41,050,242, $52,216,985)",100%,2023-2024
39,Lyon,fr Ligue 1,52,"€ 930,769 (£ 786,341, $1,000,246)","€ 48,400,000 (£ 40,889,728, $52,012,804)",54%,2023-2024
40,Real Sociedad,es La Liga,49,"€ 926,538 (£ 782,767, $995,700)","€ 48,180,000 (£ 40,703,864, $51,776,379)",87%,2023-2024
41,Brentford,eng Premier League,59,"€ 909,071 (£ 768,000, $976,926)","€ 47,271,698 (£ 39,936,000, $50,800,128)",93%,2023-2024
42,Villarreal,es La Liga,54,"€ 879,808 (£ 743,287, $945,481)","€ 45,750,000 (£ 38,650,932, $49,164,996)",79%,2023-2024
43,Burnley,eng Premier League,63,"€ 876,520 (£ 740,500, $941,944)","€ 45,579,026 (£ 38,506,000, $48,981,113)",82%,2023-2024
44,Atalanta,it Serie A,51,"€ 874,231 (£ 738,576, $939,487)","€ 45,460,000 (£ 38,405,931, $48,853,347)",16%,2023-2024
45,Betis,es La Liga,53,"€ 871,538 (£ 736,301, $936,594)","€ 45,320,000 (£ 38,287,655, $48,702,898)",79%,2023-2024
46,Valencia,es La Liga,44,"€ 762,885 (£ 644,507, $819,830)","€ 39,670,000 (£ 33,514,370, $42,631,156)",89%,2023-2024
47,Torino,it Serie A,51,"€ 751,538 (£ 634,922, $807,637)","€ 39,080,000 (£ 33,015,921, $41,997,114)",23%,2023-2024
48,Eint Frankfurt,de Bundesliga,62,"€ 698,654 (£ 590,243, $750,805)","€ 36,330,000 (£ 30,692,640, $39,041,843)",71%,2023-2024
49,Union Berlin,de Bundesliga,53,"€ 673,462 (£ 568,960, $723,732)","€ 35,020,000 (£ 29,585,913, $37,634,058)",96%,2023-2024
50,Sheffield Utd,eng Premier League,58,"€ 654,579 (£ 553,000, $703,437)","€ 34,038,085 (£ 28,756,000, $36,578,738)",59%,2023-2024
51,Sassuolo,it Serie A,54,"€ 648,077 (£ 547,514, $696,452)","€ 33,700,000 (£ 28,470,740, $36,215,528)",46%,2023-2024
52,Rennes,fr Ligue 1,41,"€ 621,731 (£ 525,256, $668,140)","€ 32,330,000 (£ 27,313,323, $34,743,265)",85%,2023-2024
53,Cagliari,it Serie A,55,"€ 608,846 (£ 514,371, $654,293)","€ 31,660,000 (£ 26,747,290, $34,023,255)",49%,2023-2024
54,Genoa,it Serie A,55,"€ 595,577 (£ 503,161, $640,034)","€ 30,970,000 (£ 26,164,357, $33,281,744)",30%,2023-2024
55,Bologna,it Serie A,51,"€ 572,692 (£ 483,827, $615,441)","€ 29,780,000 (£ 25,159,012, $32,002,921)",34%,2023-2024
56,Luton Town,eng Premier League,55,"€ 559,292 (£ 472,500, $601,038)","€ 29,083,174 (£ 24,570,000, $31,253,985)",89%,2023-2024
57,Celta Vigo,es La Liga,49,"€ 558,269 (£ 471,642, $599,941)","€ 29,030,000 (£ 24,525,387, $31,196,936)",87%,2023-2024
58,Monza,it Serie A,61,"€ 555,385 (£ 469,205, $596,841)","€ 28,880,000 (£ 24,398,665, $31,035,744)",69%,2023-2024
59,Girona,es La Liga,48,"€ 554,231 (£ 468,230, $595,601)","€ 28,820,000 (£ 24,347,975, $30,971,261)",95%,2023-2024
60,Werder Bremen,de Bundesliga,49,"€ 553,462 (£ 467,580, $594,775)","€ 28,780,000 (£ 24,314,181, $30,928,276)",82%,2023-2024
61,Salernitana,it Serie A,60,"€ 549,808 (£ 464,494, $590,848)","€ 28,590,000 (£ 24,153,664, $30,724,091)",51%,2023-2024
62,Mainz 05,de Bundesliga,53,"€ 548,846 (£ 463,681, $589,815)","€ 28,540,000 (£ 24,111,420, $30,670,360)",96%,2023-2024
63,Getafe,es La Liga,44,"€ 547,115 (£ 462,219, $587,955)","€ 28,450,000 (£ 24,035,385, $30,573,642)",95%,2023-2024
64,Stuttgart,de Bundesliga,54,"€ 540,000 (£ 456,208, $580,308)","€ 28,080,000 (£ 23,722,802, $30,176,024)",90%,2023-2024
65,Udinese,it Serie A,67,"€ 514,615 (£ 434,762, $553,029)","€ 26,760,000 (£ 22,607,627, $28,757,492)",77%,2023-2024
66,Nantes,fr Ligue 1,55,"€ 488,462 (£ 412,666, $524,923)","€ 25,400,000 (£ 21,458,654, $27,295,971)",79%,2023-2024
67,Lille,fr Ligue 1,45,"€ 486,346 (£ 410,879, $522,649)","€ 25,290,000 (£ 21,365,727, $27,177,765)",94%,2023-2024
68,Lens,fr Ligue 1,54,"€ 469,038 (£ 396,257, $504,050)","€ 24,390,000 (£ 20,605,379, $26,210,583)",100%,2023-2024
69,Augsburg,de Bundesliga,59,"€ 468,462 (£ 395,770, $503,430)","€ 24,360,000 (£ 20,580,033, $26,178,344)",94%,2023-2024
70,Hellas Verona,it Serie A,64,"€ 455,385 (£ 384,722, $489,377)","€ 23,680,000 (£ 20,005,550, $25,447,589)",65%,2023-2024
71,Nice,fr Ligue 1,53,"€ 444,423 (£ 375,461, $477,597)","€ 23,110,000 (£ 19,523,996, $24,835,036)",76%,2023-2024
72,Empoli,it Serie A,57,"€ 434,615 (£ 367,176, $467,057)","€ 22,600,000 (£ 19,093,136, $24,286,971)",46%,2023-2024
73,Cádiz,es La Liga,59,"€ 423,269 (£ 357,590, $454,864)","€ 22,010,000 (£ 18,594,687, $23,652,930)",93%,2023-2024
74,Köln,de Bundesliga,56,"€ 420,769 (£ 355,478, $452,177)","€ 21,880,000 (£ 18,484,857, $23,513,227)",100%,2023-2024
75,Freiburg,de Bundesliga,48,"€ 415,769 (£ 351,254, $446,804)","€ 21,620,000 (£ 18,265,202, $23,233,814)",95%,2023-2024
76,Lorient,fr Ligue 1,58,"€ 411,154 (£ 347,355, $441,844)","€ 21,380,000 (£ 18,062,447, $22,975,902)",98%,2023-2024
77,Mallorca,es La Liga,47,"€ 396,346 (£ 334,845, $425,931)","€ 20,610,000 (£ 17,411,925, $22,148,429)",93%,2023-2024
78,Frosinone,it Serie A,58,"€ 378,846 (£ 320,060, $407,125)","€ 19,700,000 (£ 16,643,133, $21,170,503)",63%,2023-2024
79,Bochum,de Bundesliga,59,"€ 346,731 (£ 292,928, $372,612)","€ 18,030,000 (£ 15,232,267, $19,375,842)",93%,2023-2024
80,Granada,es La Liga,55,"€ 338,846 (£ 286,267, $364,139)","€ 17,620,000 (£ 14,885,887, $18,935,239)",94%,2023-2024
81,Osasuna,es La Liga,42,"€ 335,962 (£ 283,830, $361,039)","€ 17,470,000 (£ 14,759,162, $18,774,043)",95%,2023-2024
82,Strasbourg,fr Ligue 1,52,"€ 335,192 (£ 283,180, $360,213)","€ 17,430,000 (£ 14,725,369, $18,731,056)",85%,2023-2024
83,Rayo Vallecano,es La Liga,49,"€ 333,846 (£ 282,043, $358,766)","€ 17,360,000 (£ 14,666,233, $18,655,835)",83%,2023-2024
84,Almería,es La Liga,50,"€ 319,038 (£ 269,533, $342,853)","€ 16,590,000 (£ 14,015,715, $17,828,359)",94%,2023-2024
85,Las Palmas,es La Liga,46,"€ 313,269 (£ 264,659, $336,653)","€ 16,290,000 (£ 13,762,265, $17,505,962)",98%,2023-2024
86,Reims,fr Ligue 1,45,"€ 304,615 (£ 257,348, $327,353)","€ 15,840,000 (£ 13,382,092, $17,022,372)",60%,2023-2024
87,Montpellier,fr Ligue 1,45,"€ 291,731 (£ 246,463, $313,507)","€ 15,170,000 (£ 12,816,055, $16,302,359)",83%,2023-2024
88,Lecce,it Serie A,53,"€ 279,231 (£ 235,902, $300,074)","€ 14,520,000 (£ 12,266,915, $15,603,841)",68%,2023-2024
89,Brest,fr Ligue 1,45,"€ 268,654 (£ 226,967, $288,707)","€ 13,970,000 (£ 11,802,261, $15,012,785)",87%,2023-2024
90,Darmstadt 98,de Bundesliga,58,"€ 254,423 (£ 214,944, $273,414)","€ 13,230,000 (£ 11,177,086, $14,217,548)",100%,2023-2024
91,Alavés,es La Liga,39,"€ 240,577 (£ 203,246, $258,535)","€ 12,510,000 (£ 10,568,813, $13,443,806)",100%,2023-2024
92,Le Havre,fr Ligue 1,51,"€ 226,538 (£ 191,386, $243,448)","€ 11,780,000 (£ 9,952,084, $12,659,312)",100%,2023-2024
93,Metz,fr Ligue 1,53,"€ 225,192 (£ 190,249, $242,002)","€ 11,710,000 (£ 9,892,945, $12,584,089)",89%,2023-2024
94,Heidenheim,de Bundesliga,52,"€ 210,962 (£ 178,226, $226,709)","€ 10,970,000 (£ 9,267,772, $11,788,851)",100%,2023-2024
95,Toulouse,fr Ligue 1,55,"€ 189,615 (£ 160,192, $203,769)","€ 9,860,000 (£ 8,330,008, $10,595,993)",100%,2023-2024
96,Clermont Foot,fr Ligue 1,49,"€ 159,615 (£ 134,848, $171,530)","€ 8,300,000 (£ 7,012,083, $8,919,550)",100%,2023-2024
